/* strings_gen.h — GENERATED by tools/gen_c_dict.py from firmware/web/strings.json and
 * firmware/web/index.html + page.js (rendered into firmware/web/index_gen.html). DO NOT EDIT.
 * Regenerate: python3 -m tools.gen_c_dict
 *
 * WEB_STR_EN_* / WEB_STR_DE_*: the status/setup page's EN/DE strings (UTF-8). WEB_INDEX_HTML: the
 * rendered page, byte for byte index_gen.html, as a NUL-terminated byte array (ruling R1: never a
 * C string literal) — web.c serves this array on both the host and the ESP build (the one source
 * of the page's bytes: no EMBED_FILES copy).
 * Include from exactly one translation unit (web.c): the array is static.
 */
#ifndef WEB_STRINGS_GEN_H
#define WEB_STRINGS_GEN_H

#define WEB_STR_EN_TITLE "Camper status"
#define WEB_STR_DE_TITLE "Camper-Status"
#define WEB_STR_EN_OFFLINE "Device not reachable"
#define WEB_STR_DE_OFFLINE "Gerät nicht erreichbar"
#define WEB_STR_EN_DEVICE "Device"
#define WEB_STR_DE_DEVICE "Gerät"
#define WEB_STR_EN_APP_LINK "Open the camper UI"
#define WEB_STR_DE_APP_LINK "Camper-Oberfläche öffnen"
#define WEB_STR_EN_PAIRING "Bluetooth pairing"
#define WEB_STR_DE_PAIRING "Bluetooth-Kopplung"
#define WEB_STR_EN_ADDRESS "Paired unit"
#define WEB_STR_DE_ADDRESS "Gekoppelte Einheit"
#define WEB_STR_EN_PAIRED "paired"
#define WEB_STR_DE_PAIRED "gekoppelt"
#define WEB_STR_EN_LINK "Link to the camper unit"
#define WEB_STR_DE_LINK "Verbindung zur Camper-Einheit"
#define WEB_STR_EN_LINK_UP "connected"
#define WEB_STR_DE_LINK_UP "verbunden"
#define WEB_STR_EN_LINK_DOWN "not connected"
#define WEB_STR_DE_LINK_DOWN "nicht verbunden"
#define WEB_STR_EN_LAST_UPDATE "Last update"
#define WEB_STR_DE_LAST_UPDATE "Letzte Aktualisierung"
#define WEB_STR_EN_SECONDS_AGO "{n} s ago"
#define WEB_STR_DE_SECONDS_AGO "vor {n} s"
#define WEB_STR_EN_WIFI "WiFi"
#define WEB_STR_DE_WIFI "WLAN"
#define WEB_STR_EN_MODE_SETUP "setup hotspot"
#define WEB_STR_DE_MODE_SETUP "Einrichtungs-Hotspot"
#define WEB_STR_EN_MODE_STATION "connected"
#define WEB_STR_DE_MODE_STATION "verbunden"
#define WEB_STR_EN_MODE_OFF "off"
#define WEB_STR_DE_MODE_OFF "aus"
#define WEB_STR_EN_IP "IP address"
#define WEB_STR_DE_IP "IP-Adresse"
#define WEB_STR_EN_SIGNAL "Signal"
#define WEB_STR_DE_SIGNAL "Signal"
#define WEB_STR_EN_UPTIME "Uptime"
#define WEB_STR_DE_UPTIME "Laufzeit"
#define WEB_STR_EN_FIRMWARE "Firmware"
#define WEB_STR_DE_FIRMWARE "Firmware"
#define WEB_STR_EN_NONE "none"
#define WEB_STR_DE_NONE "keine"
#define WEB_STR_EN_SETUP_TITLE "Connect to your WiFi"
#define WEB_STR_DE_SETUP_TITLE "Mit deinem WLAN verbinden"
#define WEB_STR_EN_SETUP_HINT "Choose a network and enter its password."
#define WEB_STR_DE_SETUP_HINT "Wähle ein Netzwerk und gib sein Passwort ein."
#define WEB_STR_EN_NETWORK "Network"
#define WEB_STR_DE_NETWORK "Netzwerk"
#define WEB_STR_EN_PASSWORD "Password"
#define WEB_STR_DE_PASSWORD "Passwort"
#define WEB_STR_EN_CONNECT "Connect"
#define WEB_STR_DE_CONNECT "Verbinden"
#define WEB_STR_EN_RESCAN "Search again"
#define WEB_STR_DE_RESCAN "Erneut suchen"
#define WEB_STR_EN_SCANNING "Searching for networks…"
#define WEB_STR_DE_SCANNING "Suche Netzwerke…"
#define WEB_STR_EN_NO_NETWORKS "No networks found"
#define WEB_STR_DE_NO_NETWORKS "Keine Netzwerke gefunden"
#define WEB_STR_EN_OPEN_UNSUPPORTED "open network, not supported"
#define WEB_STR_DE_OPEN_UNSUPPORTED "offenes Netz, nicht unterstützt"
#define WEB_STR_EN_ERR_SSID "Choose a network (1–{max} characters)."
#define WEB_STR_DE_ERR_SSID "Wähle ein Netzwerk (1–{max} Zeichen)."
#define WEB_STR_EN_ERR_PSK "The password needs {min}–{max} characters."
#define WEB_STR_DE_ERR_PSK "Das Passwort braucht {min}–{max} Zeichen."
#define WEB_STR_EN_ERR_JSON "The device rejected the request."
#define WEB_STR_DE_ERR_JSON "Das Gerät hat die Anfrage abgelehnt."
#define WEB_STR_EN_ERR_STORE "Could not save the WiFi settings."
#define WEB_STR_DE_ERR_STORE "Die WLAN-Einstellungen konnten nicht gespeichert werden."
#define WEB_STR_EN_ERR_NET "No answer from the device."
#define WEB_STR_DE_ERR_NET "Keine Antwort vom Gerät."
#define WEB_STR_EN_RETRYING "Retrying the connection…"
#define WEB_STR_DE_RETRYING "Verbindung wird erneut versucht…"
#define WEB_STR_EN_JOINING "Connecting to {ssid}…"
#define WEB_STR_DE_JOINING "Verbinde mit {ssid}…"
#define WEB_STR_EN_JOINED "Connected as {ip}. Join {ssid} with this device too, then open:"
#define WEB_STR_DE_JOINED "Verbunden als {ip}. Verbinde auch dieses Gerät mit {ssid} und öffne dann:"
#define WEB_STR_EN_JOIN_FAILED_NOT_FOUND "Network not found — check that it is in range, then try again."
#define WEB_STR_DE_JOIN_FAILED_NOT_FOUND "Netzwerk nicht gefunden — prüfe, ob es in Reichweite ist, und versuche es erneut."
#define WEB_STR_EN_JOIN_FAILED_AUTH "Wrong password — try again."
#define WEB_STR_DE_JOIN_FAILED_AUTH "Falsches Passwort — versuche es erneut."
#define WEB_STR_EN_JOIN_FAILED_OTHER "Could not join the network — try again."
#define WEB_STR_DE_JOIN_FAILED_OTHER "Verbindung nicht möglich — versuche es erneut."
#define WEB_STR_EN_FUNCTIONS "Camper unit"
#define WEB_STR_DE_FUNCTIONS "Camper-Einheit"
#define WEB_STR_EN_NO_DATA "No data from the camper unit yet."
#define WEB_STR_DE_NO_DATA "Noch keine Daten von der Camper-Einheit."
#define WEB_STR_EN_FN_VEHICLE "Vehicle"
#define WEB_STR_DE_FN_VEHICLE "Fahrzeug"
#define WEB_STR_EN_FN_COOLER "Cooler"
#define WEB_STR_DE_FN_COOLER "Kühlbox"
#define WEB_STR_EN_FN_CAMPINGMODE "Camping mode"
#define WEB_STR_DE_FN_CAMPINGMODE "Campingmodus"
#define WEB_STR_EN_FN_LIGHTING "Lighting"
#define WEB_STR_DE_FN_LIGHTING "Beleuchtung"
#define WEB_STR_EN_FN_AIRHEATER "Air heater"
#define WEB_STR_DE_FN_AIRHEATER "Luftstandheizung"
#define WEB_STR_EN_FN_WATER "Water"
#define WEB_STR_DE_FN_WATER "Wasser"
#define WEB_STR_EN_FN_ENERGY "Energy"
#define WEB_STR_DE_FN_ENERGY "Energie"
#define WEB_STR_EN_FN_ROOF "Roof"
#define WEB_STR_DE_FN_ROOF "Aufstelldach"
#define WEB_STR_EN_D_WIFI "WiFi"
#define WEB_STR_DE_D_WIFI "WLAN"
#define WEB_STR_EN_D_CAMPER "Camper"
#define WEB_STR_DE_D_CAMPER "Camper"
#define WEB_STR_EN_D_RUNNING "running · for %s"
#define WEB_STR_DE_D_RUNNING "läuft · seit %s"
#define WEB_STR_EN_D_SETUP "hotspot %s · %s"
#define WEB_STR_DE_D_SETUP "Hotspot %s · %s"
#define WEB_STR_EN_D_JOINING "joining %s"
#define WEB_STR_DE_D_JOINING "verbinde mit %s"
#define WEB_STR_EN_D_RETRYING "%s not reachable, retrying"
#define WEB_STR_DE_D_RETRYING "%s nicht erreichbar, versuche neu"
#define WEB_STR_EN_D_WIFI_OFF "not connected"
#define WEB_STR_DE_D_WIFI_OFF "nicht verbunden"
#define WEB_STR_EN_D_CONNECTED "connected · data %s ago"
#define WEB_STR_DE_D_CONNECTED "verbunden · Daten vor %s"
#define WEB_STR_EN_D_CONNECTING "connecting …"
#define WEB_STR_DE_D_CONNECTING "verbinde …"
#define WEB_STR_EN_D_PAIRING "pairing …"
#define WEB_STR_DE_D_PAIRING "Kopplung läuft …"
#define WEB_STR_EN_D_PASSKEY "enter the code shown on the unit"
#define WEB_STR_DE_D_PASSKEY "Code der Einheit eingeben"
#define WEB_STR_EN_D_LINK_LOST "connection lost, reconnecting"
#define WEB_STR_DE_D_LINK_LOST "Verbindung verloren, verbinde neu"
#define WEB_STR_EN_D_STALE "no data for %s"
#define WEB_STR_DE_D_STALE "keine Daten seit %s"
#define WEB_STR_EN_D_PAIR_ERROR "pairing failed"
#define WEB_STR_DE_D_PAIR_ERROR "Kopplung fehlgeschlagen"
#define WEB_STR_EN_D_NOT_PAIRED "not paired"
#define WEB_STR_DE_D_NOT_PAIRED "nicht gekoppelt"
#define WEB_STR_EN_D_FAIL_NOT_FOUND "network not found"
#define WEB_STR_DE_D_FAIL_NOT_FOUND "Netz nicht gefunden"
#define WEB_STR_EN_D_FAIL_AUTH "wrong password"
#define WEB_STR_DE_D_FAIL_AUTH "falsches Passwort"
#define WEB_STR_EN_D_FAIL_OTHER "could not connect"
#define WEB_STR_DE_D_FAIL_OTHER "Verbindungsfehler"
#define WEB_STR_EN_D_FOOTER_SETUP "WiFi %s · password %s"
#define WEB_STR_DE_D_FOOTER_SETUP "WLAN %s · Passwort %s"
#define WEB_INDEX_HTML_LEN 17471u
static const unsigned char WEB_INDEX_HTML[WEB_INDEX_HTML_LEN + 1] = {
    0x3c, 0x21, 0x64, 0x6f, 0x63, 0x74, 0x79, 0x70, 0x65, 0x20, 0x68, 0x74, 0x6d, 0x6c, 0x3e, 0x0a,
    0x3c, 0x68, 0x74, 0x6d, 0x6c, 0x20, 0x6c, 0x61, 0x6e, 0x67, 0x3d, 0x22, 0x65, 0x6e, 0x22, 0x3e,
    0x0a, 0x3c, 0x68, 0x65, 0x61, 0x64, 0x3e, 0x0a, 0x3c, 0x6d, 0x65, 0x74, 0x61, 0x20, 0x63, 0x68,
    0x61, 0x72, 0x73, 0x65, 0x74, 0x3d, 0x22, 0x75, 0x74, 0x66, 0x2d, 0x38, 0x22, 0x3e, 0x0a, 0x3c,
    0x6d, 0x65, 0x74, 0x61, 0x20, 0x6e, 0x61, 0x6d, 0x65, 0x3d, 0x22, 0x76, 0x69, 0x65, 0x77, 0x70,
    0x6f, 0x72, 0x74, 0x22, 0x20, 0x63, 0x6f, 0x6e, 0x74, 0x65, 0x6e, 0x74, 0x3d, 0x22, 0x77, 0x69,
    0x64, 0x74, 0x68, 0x3d, 0x64, 0x65, 0x76, 0x69, 0x63, 0x65, 0x2d, 0x77, 0x69, 0x64, 0x74, 0x68,
    0x2c, 0x69, 0x6e, 0x69, 0x74, 0x69, 0x61, 0x6c, 0x2d, 0x73, 0x63, 0x61, 0x6c, 0x65, 0x3d, 0x31,
    0x22, 0x3e, 0x0a, 0x3c, 0x74, 0x69, 0x74, 0x6c, 0x65, 0x3e, 0x63, 0x61, 0x6c, 0x69, 0x63, 0x74,
    0x6c, 0x2d, 0x65, 0x73, 0x70, 0x3c, 0x2f, 0x74, 0x69, 0x74, 0x6c, 0x65, 0x3e, 0x0a, 0x3c, 0x21,
    0x2d, 0x2d, 0x20, 0x54, 0x68, 0x65, 0x20, 0x45, 0x53, 0x50, 0x33, 0x32, 0x20, 0x66, 0x69, 0x72,
    0x6d, 0x77, 0x61, 0x72, 0x65, 0x27, 0x73, 0x20, 0x73, 0x74, 0x61, 0x74, 0x75, 0x73, 0x2f, 0x73,
    0x65, 0x74, 0x75, 0x70, 0x20, 0x70, 0x61, 0x67, 0x65, 0x20, 0x28, 0x23, 0x31, 0x35, 0x34, 0x29,
    0x2e, 0x20, 0x53, 0x4f, 0x55, 0x52, 0x43, 0x45, 0x3a, 0x20, 0x74, 0x6f, 0x6f, 0x6c, 0x73, 0x2f,
    0x67, 0x65, 0x6e, 0x5f, 0x63, 0x5f, 0x64, 0x69, 0x63, 0x74, 0x2e, 0x70, 0x79, 0x20, 0x72, 0x65,
    0x6e, 0x64, 0x65, 0x72, 0x73, 0x20, 0x69, 0x74, 0x20, 0x69, 0x6e, 0x74, 0x6f, 0x0a, 0x20, 0x20,
    0x20, 0x20, 0x20, 0x69, 0x6e, 0x64, 0x65, 0x78, 0x5f, 0x67, 0x65, 0x6e, 0x2e, 0x68, 0x74, 0x6d,
    0x6c, 0x20, 0x28, 0x74, 0x68, 0x65, 0x20, 0x64, 0x6f, 0x75, 0x62, 0x6c, 0x65, 0x2d, 0x62, 0x72,
    0x61, 0x63, 0x65, 0x20, 0x70, 0x6c, 0x61, 0x63, 0x65, 0x68, 0x6f, 0x6c, 0x64, 0x65, 0x72, 0x73,
    0x3a, 0x20, 0x67, 0x65, 0x6e, 0x65, 0x72, 0x61, 0x74, 0x65, 0x64, 0x20, 0x63, 0x6f, 0x6e, 0x73,
    0x74, 0x61, 0x6e, 0x74, 0x73, 0x2c, 0x20, 0x74, 0x68, 0x65, 0x20, 0x73, 0x74, 0x72, 0x69, 0x6e,
    0x67, 0x73, 0x2e, 0x6a, 0x73, 0x6f, 0x6e, 0x20, 0x74, 0x61, 0x62, 0x6c, 0x65, 0x20, 0x61, 0x6e,
    0x64, 0x0a, 0x20, 0x20, 0x20, 0x20, 0x20, 0x74, 0x68, 0x65, 0x20, 0x70, 0x61, 0x67, 0x65, 0x20,
    0x73, 0x63, 0x72, 0x69, 0x70, 0x74, 0x20, 0x66, 0x72, 0x6f, 0x6d, 0x20, 0x70, 0x61, 0x67, 0x65,
    0x2e, 0x6a, 0x73, 0x29, 0x20, 0x61, 0x6e, 0x64, 0x20, 0x73, 0x74, 0x72, 0x69, 0x6e, 0x67, 0x73,
    0x5f, 0x67, 0x65, 0x6e, 0x2e, 0x68, 0x3b, 0x20, 0x6e, 0x65, 0x76, 0x65, 0x72, 0x20, 0x65, 0x64,
    0x69, 0x74, 0x20, 0x74, 0x68, 0x6f, 0x73, 0x65, 0x2e, 0x20, 0x53, 0x65, 0x6c, 0x66, 0x2d, 0x63,
    0x6f, 0x6e, 0x74, 0x61, 0x69, 0x6e, 0x65, 0x64, 0x3a, 0x20, 0x6e, 0x6f, 0x20, 0x65, 0x78, 0x74,
    0x65, 0x72, 0x6e, 0x61, 0x6c, 0x0a, 0x20, 0x20, 0x20, 0x20, 0x20, 0x61, 0x73, 0x73, 0x65, 0x74,
    0x73, 0x2e, 0x20, 0x2d, 0x2d, 0x3e, 0x0a, 0x3c, 0x73, 0x74, 0x79, 0x6c, 0x65, 0x3e, 0x0a, 0x3a,
    0x72, 0x6f, 0x6f, 0x74, 0x7b, 0x2d, 0x2d, 0x62, 0x67, 0x3a, 0x23, 0x66, 0x36, 0x66, 0x36, 0x66,
    0x33, 0x3b, 0x2d, 0x2d, 0x66, 0x67, 0x3a, 0x23, 0x31, 0x64, 0x31, 0x64, 0x31, 0x62, 0x3b, 0x2d,
    0x2d, 0x6d, 0x75, 0x74, 0x65, 0x64, 0x3a, 0x23, 0x36, 0x62, 0x36, 0x62, 0x36, 0x36, 0x3b, 0x2d,
    0x2d, 0x63, 0x61, 0x72, 0x64, 0x3a, 0x23, 0x66, 0x66, 0x66, 0x3b, 0x2d, 0x2d, 0x6c, 0x69, 0x6e,
    0x65, 0x3a, 0x23, 0x64, 0x65, 0x64, 0x65, 0x64, 0x38, 0x3b, 0x2d, 0x2d, 0x61, 0x63, 0x63, 0x65,
    0x6e, 0x74, 0x3a, 0x23, 0x31, 0x66, 0x36, 0x66, 0x35, 0x63, 0x3b, 0x2d, 0x2d, 0x62, 0x61, 0x64,
    0x3a, 0x23, 0x61, 0x38, 0x33, 0x32, 0x32, 0x64, 0x7d, 0x0a, 0x40, 0x6d, 0x65, 0x64, 0x69, 0x61,
    0x20, 0x28, 0x70, 0x72, 0x65, 0x66, 0x65, 0x72, 0x73, 0x2d, 0x63, 0x6f, 0x6c, 0x6f, 0x72, 0x2d,
    0x73, 0x63, 0x68, 0x65, 0x6d, 0x65, 0x3a, 0x64, 0x61, 0x72, 0x6b, 0x29, 0x7b, 0x3a, 0x72, 0x6f,
    0x6f, 0x74, 0x7b, 0x2d, 0x2d, 0x62, 0x67, 0x3a, 0x23, 0x31, 0x36, 0x31, 0x36, 0x31, 0x35, 0x3b,
    0x2d, 0x2d, 0x66, 0x67, 0x3a, 0x23, 0x65, 0x63, 0x65, 0x63, 0x65, 0x61, 0x3b, 0x2d, 0x2d, 0x6d,
    0x75, 0x74, 0x65, 0x64, 0x3a, 0x23, 0x39, 0x61, 0x39, 0x61, 0x39, 0x34, 0x3b, 0x2d, 0x2d, 0x63,
    0x61, 0x72, 0x64, 0x3a, 0x23, 0x32, 0x31, 0x32, 0x31, 0x31, 0x66, 0x3b, 0x2d, 0x2d, 0x6c, 0x69,
    0x6e, 0x65, 0x3a, 0x23, 0x33, 0x34, 0x33, 0x34, 0x32, 0x66, 0x3b, 0x2d, 0x2d, 0x61, 0x63, 0x63,
    0x65, 0x6e, 0x74, 0x3a, 0x23, 0x35, 0x62, 0x62, 0x66, 0x39, 0x66, 0x3b, 0x2d, 0x2d, 0x62, 0x61,
    0x64, 0x3a, 0x23, 0x65, 0x30, 0x37, 0x31, 0x36, 0x62, 0x7d, 0x7d, 0x0a, 0x2a, 0x7b, 0x62, 0x6f,
    0x78, 0x2d, 0x73, 0x69, 0x7a, 0x69, 0x6e, 0x67, 0x3a, 0x62, 0x6f, 0x72, 0x64, 0x65, 0x72, 0x2d,
    0x62, 0x6f, 0x78, 0x7d, 0x0a, 0x62, 0x6f, 0x64, 0x79, 0x7b, 0x6d, 0x61, 0x72, 0x67, 0x69, 0x6e,
    0x3a, 0x30, 0x3b, 0x62, 0x61, 0x63, 0x6b, 0x67, 0x72, 0x6f, 0x75, 0x6e, 0x64, 0x3a, 0x76, 0x61,
    0x72, 0x28, 0x2d, 0x2d, 0x62, 0x67, 0x29, 0x3b, 0x63, 0x6f, 0x6c, 0x6f, 0x72, 0x3a, 0x76, 0x61,
    0x72, 0x28, 0x2d, 0x2d, 0x66, 0x67, 0x29, 0x3b, 0x66, 0x6f, 0x6e, 0x74, 0x3a, 0x31, 0x35, 0x70,
    0x78, 0x2f, 0x31, 0x2e, 0x34, 0x35, 0x20, 0x73, 0x79, 0x73, 0x74, 0x65, 0x6d, 0x2d, 0x75, 0x69,
    0x2c, 0x2d, 0x61, 0x70, 0x70, 0x6c, 0x65, 0x2d, 0x73, 0x79, 0x73, 0x74, 0x65, 0x6d, 0x2c, 0x22,
    0x53, 0x65, 0x67, 0x6f, 0x65, 0x20, 0x55, 0x49, 0x22, 0x2c, 0x73, 0x61, 0x6e, 0x73, 0x2d, 0x73,
    0x65, 0x72, 0x69, 0x66, 0x7d, 0x0a, 0x6d, 0x61, 0x69, 0x6e, 0x7b, 0x6d, 0x61, 0x78, 0x2d, 0x77,
    0x69, 0x64, 0x74, 0x68, 0x3a, 0x37, 0x32, 0x30, 0x70, 0x78, 0x3b, 0x6d, 0x61, 0x72, 0x67, 0x69,
    0x6e, 0x3a, 0x30, 0x20, 0x61, 0x75, 0x74, 0x6f, 0x3b, 0x70, 0x61, 0x64, 0x64, 0x69, 0x6e, 0x67,
    0x3a, 0x31, 0x36, 0x70, 0x78, 0x7d, 0x0a, 0x68, 0x31, 0x7b, 0x66, 0x6f, 0x6e, 0x74, 0x2d, 0x73,
    0x69, 0x7a, 0x65, 0x3a, 0x32, 0x30, 0x70, 0x78, 0x3b, 0x6d, 0x61, 0x72, 0x67, 0x69, 0x6e, 0x3a,
    0x30, 0x20, 0x30, 0x20, 0x31, 0x32, 0x70, 0x78, 0x7d, 0x0a, 0x68, 0x32, 0x7b, 0x66, 0x6f, 0x6e,
    0x74, 0x2d, 0x73, 0x69, 0x7a, 0x65, 0x3a, 0x31, 0x36, 0x70, 0x78, 0x3b, 0x6d, 0x61, 0x72, 0x67,
    0x69, 0x6e, 0x3a, 0x30, 0x20, 0x30, 0x20, 0x38, 0x70, 0x78, 0x7d, 0x0a, 0x2e, 0x62, 0x6f, 0x78,
    0x7b, 0x62, 0x61, 0x63, 0x6b, 0x67, 0x72, 0x6f, 0x75, 0x6e, 0x64, 0x3a, 0x76, 0x61, 0x72, 0x28,
    0x2d, 0x2d, 0x63, 0x61, 0x72, 0x64, 0x29, 0x3b, 0x62, 0x6f, 0x72, 0x64, 0x65, 0x72, 0x3a, 0x31,
    0x70, 0x78, 0x20, 0x73, 0x6f, 0x6c, 0x69, 0x64, 0x20, 0x76, 0x61, 0x72, 0x28, 0x2d, 0x2d, 0x6c,
    0x69, 0x6e, 0x65, 0x29, 0x3b, 0x62, 0x6f, 0x72, 0x64, 0x65, 0x72, 0x2d, 0x72, 0x61, 0x64, 0x69,
    0x75, 0x73, 0x3a, 0x31, 0x30, 0x70, 0x78, 0x3b, 0x70, 0x61, 0x64, 0x64, 0x69, 0x6e, 0x67, 0x3a,
    0x31, 0x32, 0x70, 0x78, 0x20, 0x31, 0x34, 0x70, 0x78, 0x3b, 0x6d, 0x61, 0x72, 0x67, 0x69, 0x6e,
    0x3a, 0x30, 0x20, 0x30, 0x20, 0x31, 0x32, 0x70, 0x78, 0x7d, 0x0a, 0x64, 0x6c, 0x7b, 0x64, 0x69,
    0x73, 0x70, 0x6c, 0x61, 0x79, 0x3a, 0x67, 0x72, 0x69, 0x64, 0x3b, 0x67, 0x72, 0x69, 0x64, 0x2d,
    0x74, 0x65, 0x6d, 0x70, 0x6c, 0x61, 0x74, 0x65, 0x2d, 0x63, 0x6f, 0x6c, 0x75, 0x6d, 0x6e, 0x73,
    0x3a, 0x6d, 0x61, 0x78, 0x2d, 0x63, 0x6f, 0x6e, 0x74, 0x65, 0x6e, 0x74, 0x20, 0x31, 0x66, 0x72,
    0x3b, 0x67, 0x61, 0x70, 0x3a, 0x34, 0x70, 0x78, 0x20, 0x31, 0x34, 0x70, 0x78, 0x3b, 0x6d, 0x61,
    0x72, 0x67, 0x69, 0x6e, 0x3a, 0x30, 0x7d, 0x0a, 0x64, 0x74, 0x7b, 0x63, 0x6f, 0x6c, 0x6f, 0x72,
    0x3a, 0x76, 0x61, 0x72, 0x28, 0x2d, 0x2d, 0x6d, 0x75, 0x74, 0x65, 0x64, 0x29, 0x7d, 0x64, 0x64,
    0x7b, 0x6d, 0x61, 0x72, 0x67, 0x69, 0x6e, 0x3a, 0x30, 0x3b, 0x6f, 0x76, 0x65, 0x72, 0x66, 0x6c,
    0x6f, 0x77, 0x2d, 0x77, 0x72, 0x61, 0x70, 0x3a, 0x61, 0x6e, 0x79, 0x77, 0x68, 0x65, 0x72, 0x65,
    0x7d, 0x0a, 0x23, 0x66, 0x75, 0x6e, 0x63, 0x74, 0x69, 0x6f, 0x6e, 0x73, 0x7b, 0x64, 0x69, 0x73,
    0x70, 0x6c, 0x61, 0x79, 0x3a, 0x67, 0x72, 0x69, 0x64, 0x3b, 0x67, 0x72, 0x69, 0x64, 0x2d, 0x74,
    0x65, 0x6d, 0x70, 0x6c, 0x61, 0x74, 0x65, 0x2d, 0x63, 0x6f, 0x6c, 0x75, 0x6d, 0x6e, 0x73, 0x3a,
    0x72, 0x65, 0x70, 0x65, 0x61, 0x74, 0x28, 0x61, 0x75, 0x74, 0x6f, 0x2d, 0x66, 0x69, 0x6c, 0x6c,
    0x2c, 0x6d, 0x69, 0x6e, 0x6d, 0x61, 0x78, 0x28, 0x32, 0x31, 0x30, 0x70, 0x78, 0x2c, 0x31, 0x66,
    0x72, 0x29, 0x29, 0x3b, 0x67, 0x61, 0x70, 0x3a, 0x31, 0x32, 0x70, 0x78, 0x7d, 0x0a, 0x23, 0x66,
    0x75, 0x6e, 0x63, 0x74, 0x69, 0x6f, 0x6e, 0x73, 0x20, 0x2e, 0x62, 0x6f, 0x78, 0x7b, 0x6d, 0x61,
    0x72, 0x67, 0x69, 0x6e, 0x3a, 0x30, 0x7d, 0x0a, 0x2e, 0x6d, 0x75, 0x74, 0x65, 0x64, 0x7b, 0x63,
    0x6f, 0x6c, 0x6f, 0x72, 0x3a, 0x76, 0x61, 0x72, 0x28, 0x2d, 0x2d, 0x6d, 0x75, 0x74, 0x65, 0x64,
    0x29, 0x7d, 0x2e, 0x62, 0x61, 0x64, 0x7b, 0x63, 0x6f, 0x6c, 0x6f, 0x72, 0x3a, 0x76, 0x61, 0x72,
    0x28, 0x2d, 0x2d, 0x62, 0x61, 0x64, 0x29, 0x7d, 0x0a, 0x23, 0x62, 0x61, 0x6e, 0x6e, 0x65, 0x72,
    0x7b, 0x64, 0x69, 0x73, 0x70, 0x6c, 0x61, 0x79, 0x3a, 0x6e, 0x6f, 0x6e, 0x65, 0x3b, 0x62, 0x61,
    0x63, 0x6b, 0x67, 0x72, 0x6f, 0x75, 0x6e, 0x64, 0x3a, 0x76, 0x61, 0x72, 0x28, 0x2d, 0x2d, 0x62,
    0x61, 0x64, 0x29, 0x3b, 0x63, 0x6f, 0x6c, 0x6f, 0x72, 0x3a, 0x23, 0x66, 0x66, 0x66, 0x3b, 0x62,
    0x6f, 0x72, 0x64, 0x65, 0x72, 0x2d, 0x72, 0x61, 0x64, 0x69, 0x75, 0x73, 0x3a, 0x38, 0x70, 0x78,
    0x3b, 0x70, 0x61, 0x64, 0x64, 0x69, 0x6e, 0x67, 0x3a, 0x38, 0x70, 0x78, 0x20, 0x31, 0x32, 0x70,
    0x78, 0x3b, 0x6d, 0x61, 0x72, 0x67, 0x69, 0x6e, 0x3a, 0x30, 0x20, 0x30, 0x20, 0x31, 0x32, 0x70,
    0x78, 0x7d, 0x0a, 0x6c, 0x61, 0x62, 0x65, 0x6c, 0x7b, 0x64, 0x69, 0x73, 0x70, 0x6c, 0x61, 0x79,
    0x3a, 0x62, 0x6c, 0x6f, 0x63, 0x6b, 0x3b, 0x6d, 0x61, 0x72, 0x67, 0x69, 0x6e, 0x3a, 0x31, 0x30,
    0x70, 0x78, 0x20, 0x30, 0x20, 0x34, 0x70, 0x78, 0x3b, 0x63, 0x6f, 0x6c, 0x6f, 0x72, 0x3a, 0x76,
    0x61, 0x72, 0x28, 0x2d, 0x2d, 0x6d, 0x75, 0x74, 0x65, 0x64, 0x29, 0x7d, 0x0a, 0x73, 0x65, 0x6c,
    0x65, 0x63, 0x74, 0x2c, 0x69, 0x6e, 0x70, 0x75, 0x74, 0x2c, 0x62, 0x75, 0x74, 0x74, 0x6f, 0x6e,
    0x7b, 0x66, 0x6f, 0x6e, 0x74, 0x3a, 0x69, 0x6e, 0x68, 0x65, 0x72, 0x69, 0x74, 0x3b, 0x77, 0x69,
    0x64, 0x74, 0x68, 0x3a, 0x31, 0x30, 0x30, 0x25, 0x3b, 0x70, 0x61, 0x64, 0x64, 0x69, 0x6e, 0x67,
    0x3a, 0x39, 0x70, 0x78, 0x20, 0x31, 0x30, 0x70, 0x78, 0x3b, 0x62, 0x6f, 0x72, 0x64, 0x65, 0x72,
    0x2d, 0x72, 0x61, 0x64, 0x69, 0x75, 0x73, 0x3a, 0x38, 0x70, 0x78, 0x3b, 0x62, 0x6f, 0x72, 0x64,
    0x65, 0x72, 0x3a, 0x31, 0x70, 0x78, 0x20, 0x73, 0x6f, 0x6c, 0x69, 0x64, 0x20, 0x76, 0x61, 0x72,
    0x28, 0x2d, 0x2d, 0x6c, 0x69, 0x6e, 0x65, 0x29, 0x3b, 0x62, 0x61, 0x63, 0x6b, 0x67, 0x72, 0x6f,
    0x75, 0x6e, 0x64, 0x3a, 0x76, 0x61, 0x72, 0x28, 0x2d, 0x2d, 0x62, 0x67, 0x29, 0x3b, 0x63, 0x6f,
    0x6c, 0x6f, 0x72, 0x3a, 0x76, 0x61, 0x72, 0x28, 0x2d, 0x2d, 0x66, 0x67, 0x29, 0x7d, 0x0a, 0x62,
    0x75, 0x74, 0x74, 0x6f, 0x6e, 0x7b, 0x62, 0x61, 0x63, 0x6b, 0x67, 0x72, 0x6f, 0x75, 0x6e, 0x64,
    0x3a, 0x76, 0x61, 0x72, 0x28, 0x2d, 0x2d, 0x61, 0x63, 0x63, 0x65, 0x6e, 0x74, 0x29, 0x3b, 0x62,
    0x6f, 0x72, 0x64, 0x65, 0x72, 0x2d, 0x63, 0x6f, 0x6c, 0x6f, 0x72, 0x3a, 0x76, 0x61, 0x72, 0x28,
    0x2d, 0x2d, 0x61, 0x63, 0x63, 0x65, 0x6e, 0x74, 0x29, 0x3b, 0x63, 0x6f, 0x6c, 0x6f, 0x72, 0x3a,
    0x23, 0x66, 0x66, 0x66, 0x3b, 0x6d, 0x61, 0x72, 0x67, 0x69, 0x6e, 0x2d, 0x74, 0x6f, 0x70, 0x3a,
    0x31, 0x32, 0x70, 0x78, 0x3b, 0x63, 0x75, 0x72, 0x73, 0x6f, 0x72, 0x3a, 0x70, 0x6f, 0x69, 0x6e,
    0x74, 0x65, 0x72, 0x7d, 0x0a, 0x62, 0x75, 0x74, 0x74, 0x6f, 0x6e, 0x2e, 0x73, 0x65, 0x63, 0x6f,
    0x6e, 0x64, 0x61, 0x72, 0x79, 0x7b, 0x62, 0x61, 0x63, 0x6b, 0x67, 0x72, 0x6f, 0x75, 0x6e, 0x64,
    0x3a, 0x74, 0x72, 0x61, 0x6e, 0x73, 0x70, 0x61, 0x72, 0x65, 0x6e, 0x74, 0x3b, 0x63, 0x6f, 0x6c,
    0x6f, 0x72, 0x3a, 0x76, 0x61, 0x72, 0x28, 0x2d, 0x2d, 0x61, 0x63, 0x63, 0x65, 0x6e, 0x74, 0x29,
    0x7d, 0x0a, 0x61, 0x7b, 0x63, 0x6f, 0x6c, 0x6f, 0x72, 0x3a, 0x76, 0x61, 0x72, 0x28, 0x2d, 0x2d,
    0x61, 0x63, 0x63, 0x65, 0x6e, 0x74, 0x29, 0x7d, 0x0a, 0x3c, 0x2f, 0x73, 0x74, 0x79, 0x6c, 0x65,
    0x3e, 0x0a, 0x3c, 0x2f, 0x68, 0x65, 0x61, 0x64, 0x3e, 0x0a, 0x3c, 0x62, 0x6f, 0x64, 0x79, 0x3e,
    0x0a, 0x3c, 0x6d, 0x61, 0x69, 0x6e, 0x3e, 0x0a, 0x3c, 0x68, 0x31, 0x20, 0x69, 0x64, 0x3d, 0x22,
    0x74, 0x69, 0x74, 0x6c, 0x65, 0x22, 0x3e, 0x3c, 0x2f, 0x68, 0x31, 0x3e, 0x0a, 0x3c, 0x64, 0x69,
    0x76, 0x20, 0x69, 0x64, 0x3d, 0x22, 0x62, 0x61, 0x6e, 0x6e, 0x65, 0x72, 0x22, 0x3e, 0x3c, 0x2f,
    0x64, 0x69, 0x76, 0x3e, 0x0a, 0x3c, 0x73, 0x65, 0x63, 0x74, 0x69, 0x6f, 0x6e, 0x20, 0x69, 0x64,
    0x3d, 0x22, 0x73, 0x65, 0x74, 0x75, 0x70, 0x22, 0x20, 0x63, 0x6c, 0x61, 0x73, 0x73, 0x3d, 0x22,
    0x62, 0x6f, 0x78, 0x22, 0x20, 0x68, 0x69, 0x64, 0x64, 0x65, 0x6e, 0x3e, 0x0a, 0x20, 0x20, 0x3c,
    0x68, 0x32, 0x20, 0x69, 0x64, 0x3d, 0x22, 0x73, 0x65, 0x74, 0x75, 0x70, 0x2d, 0x74, 0x69, 0x74,
    0x6c, 0x65, 0x22, 0x3e, 0x3c, 0x2f, 0x68, 0x32, 0x3e, 0x0a, 0x20, 0x20, 0x3c, 0x70, 0x20, 0x69,
    0x64, 0x3d, 0x22, 0x73, 0x65, 0x74, 0x75, 0x70, 0x2d, 0x68, 0x69, 0x6e, 0x74, 0x22, 0x20, 0x63,
    0x6c, 0x61, 0x73, 0x73, 0x3d, 0x22, 0x6d, 0x75, 0x74, 0x65, 0x64, 0x22, 0x3e, 0x3c, 0x2f, 0x70,
    0x3e, 0x0a, 0x20, 0x20, 0x3c, 0x6c, 0x61, 0x62, 0x65, 0x6c, 0x20, 0x66, 0x6f, 0x72, 0x3d, 0x22,
    0x73, 0x73, 0x69, 0x64, 0x22, 0x20, 0x69, 0x64, 0x3d, 0x22, 0x73, 0x73, 0x69, 0x64, 0x2d, 0x6c,
    0x61, 0x62, 0x65, 0x6c, 0x22, 0x3e, 0x3c, 0x2f, 0x6c, 0x61, 0x62, 0x65, 0x6c, 0x3e, 0x0a, 0x20,
    0x20, 0x3c, 0x73, 0x65, 0x6c, 0x65, 0x63, 0x74, 0x20, 0x69, 0x64, 0x3d, 0x22, 0x73, 0x73, 0x69,
    0x64, 0x22, 0x3e, 0x3c, 0x2f, 0x73, 0x65, 0x6c, 0x65, 0x63, 0x74, 0x3e, 0x0a, 0x20, 0x20, 0x3c,
    0x6c, 0x61, 0x62, 0x65, 0x6c, 0x20, 0x66, 0x6f, 0x72, 0x3d, 0x22, 0x70, 0x73, 0x6b, 0x22, 0x20,
    0x69, 0x64, 0x3d, 0x22, 0x70, 0x73, 0x6b, 0x2d, 0x6c, 0x61, 0x62, 0x65, 0x6c, 0x22, 0x3e, 0x3c,
    0x2f, 0x6c, 0x61, 0x62, 0x65, 0x6c, 0x3e, 0x0a, 0x20, 0x20, 0x3c, 0x69, 0x6e, 0x70, 0x75, 0x74,
    0x20, 0x69, 0x64, 0x3d, 0x22, 0x70, 0x73, 0x6b, 0x22, 0x20, 0x74, 0x79, 0x70, 0x65, 0x3d, 0x22,
    0x70, 0x61, 0x73, 0x73, 0x77, 0x6f, 0x72, 0x64, 0x22, 0x20, 0x61, 0x75, 0x74, 0x6f, 0x63, 0x6f,
    0x6d, 0x70, 0x6c, 0x65, 0x74, 0x65, 0x3d, 0x22, 0x6f, 0x66, 0x66, 0x22, 0x3e, 0x0a, 0x20, 0x20,
    0x3c, 0x62, 0x75, 0x74, 0x74, 0x6f, 0x6e, 0x20, 0x69, 0x64, 0x3d, 0x22, 0x63, 0x6f, 0x6e, 0x6e,
    0x65, 0x63, 0x74, 0x22, 0x20, 0x74, 0x79, 0x70, 0x65, 0x3d, 0x22, 0x62, 0x75, 0x74, 0x74, 0x6f,
    0x6e, 0x22, 0x3e, 0x3c, 0x2f, 0x62, 0x75, 0x74, 0x74, 0x6f, 0x6e, 0x3e, 0x0a, 0x20, 0x20, 0x3c,
    0x62, 0x75, 0x74, 0x74, 0x6f, 0x6e, 0x20, 0x69, 0x64, 0x3d, 0x22, 0x72, 0x65, 0x73, 0x63, 0x61,
    0x6e, 0x22, 0x20, 0x63, 0x6c, 0x61, 0x73, 0x73, 0x3d, 0x22, 0x73, 0x65, 0x63, 0x6f, 0x6e, 0x64,
    0x61, 0x72, 0x79, 0x22, 0x20, 0x74, 0x79, 0x70, 0x65, 0x3d, 0x22, 0x62, 0x75, 0x74, 0x74, 0x6f,
    0x6e, 0x22, 0x3e, 0x3c, 0x2f, 0x62, 0x75, 0x74, 0x74, 0x6f, 0x6e, 0x3e, 0x0a, 0x20, 0x20, 0x3c,
    0x70, 0x20, 0x69, 0x64, 0x3d, 0x22, 0x73, 0x65, 0x74, 0x75, 0x70, 0x2d, 0x6d, 0x73, 0x67, 0x22,
    0x3e, 0x3c, 0x2f, 0x70, 0x3e, 0x0a, 0x3c, 0x2f, 0x73, 0x65, 0x63, 0x74, 0x69, 0x6f, 0x6e, 0x3e,
    0x0a, 0x3c, 0x73, 0x65, 0x63, 0x74, 0x69, 0x6f, 0x6e, 0x20, 0x69, 0x64, 0x3d, 0x22, 0x64, 0x65,
    0x76, 0x69, 0x63, 0x65, 0x22, 0x20, 0x63, 0x6c, 0x61, 0x73, 0x73, 0x3d, 0x22, 0x62, 0x6f, 0x78,
    0x22, 0x3e, 0x3c, 0x2f, 0x73, 0x65, 0x63, 0x74, 0x69, 0x6f, 0x6e, 0x3e, 0x0a, 0x3c, 0x68, 0x32,
    0x20, 0x69, 0x64, 0x3d, 0x22, 0x66, 0x75, 0x6e, 0x63, 0x74, 0x69, 0x6f, 0x6e, 0x73, 0x2d, 0x74,
    0x69, 0x74, 0x6c, 0x65, 0x22, 0x3e, 0x3c, 0x2f, 0x68, 0x32, 0x3e, 0x0a, 0x3c, 0x73, 0x65, 0x63,
    0x74, 0x69, 0x6f, 0x6e, 0x20, 0x69, 0x64, 0x3d, 0x22, 0x66, 0x75, 0x6e, 0x63, 0x74, 0x69, 0x6f,
    0x6e, 0x73, 0x22, 0x3e, 0x3c, 0x2f, 0x73, 0x65, 0x63, 0x74, 0x69, 0x6f, 0x6e, 0x3e, 0x0a, 0x3c,
    0x2f, 0x6d, 0x61, 0x69, 0x6e, 0x3e, 0x0a, 0x3c, 0x73, 0x63, 0x72, 0x69, 0x70, 0x74, 0x3e, 0x0a,
    0x63, 0x6f, 0x6e, 0x73, 0x74, 0x20, 0x43, 0x46, 0x47, 0x20, 0x3d, 0x20, 0x7b, 0x70, 0x6f, 0x6c,
    0x6c, 0x4d, 0x73, 0x3a, 0x20, 0x32, 0x30, 0x30, 0x30, 0x2c, 0x20, 0x63, 0x6f, 0x6e, 0x6e, 0x65,
    0x63, 0x74, 0x54, 0x69, 0x6d, 0x65, 0x6f, 0x75, 0x74, 0x4d, 0x73, 0x3a, 0x20, 0x38, 0x30, 0x30,
    0x30, 0x2c, 0x20, 0x63, 0x6f, 0x6e, 0x6e, 0x65, 0x63, 0x74, 0x52, 0x65, 0x74, 0x72, 0x79, 0x4d,
    0x73, 0x3a, 0x20, 0x33, 0x30, 0x30, 0x30, 0x2c, 0x20, 0x68, 0x6f, 0x73, 0x74, 0x3a, 0x20, 0x22,
    0x63, 0x61, 0x6c, 0x69, 0x63, 0x74, 0x6c, 0x2d, 0x65, 0x73, 0x70, 0x22, 0x2c, 0x20, 0x73, 0x73,
    0x69, 0x64, 0x4d, 0x61, 0x78, 0x3a, 0x20, 0x33, 0x32, 0x2c, 0x20, 0x70, 0x73, 0x6b, 0x4d, 0x69,
    0x6e, 0x3a, 0x20, 0x38, 0x2c, 0x20, 0x70, 0x73, 0x6b, 0x4d, 0x61, 0x78, 0x3a, 0x20, 0x36, 0x33,
    0x7d, 0x3b, 0x0a, 0x63, 0x6f, 0x6e, 0x73, 0x74, 0x20, 0x53, 0x54, 0x52, 0x20, 0x3d, 0x20, 0x7b,
    0x22, 0x61, 0x64, 0x64, 0x72, 0x65, 0x73, 0x73, 0x22, 0x3a, 0x7b, 0x22, 0x64, 0x65, 0x22, 0x3a,
    0x22, 0x47, 0x65, 0x6b, 0x6f, 0x70, 0x70, 0x65, 0x6c, 0x74, 0x65, 0x20, 0x45, 0x69, 0x6e, 0x68,
    0x65, 0x69, 0x74, 0x22, 0x2c, 0x22, 0x65, 0x6e, 0x22, 0x3a, 0x22, 0x50, 0x61, 0x69, 0x72, 0x65,
    0x64, 0x20, 0x75, 0x6e, 0x69, 0x74, 0x22, 0x7d, 0x2c, 0x22, 0x61, 0x70, 0x70, 0x5f, 0x6c, 0x69,
    0x6e, 0x6b, 0x22, 0x3a, 0x7b, 0x22, 0x64, 0x65, 0x22, 0x3a, 0x22, 0x43, 0x61, 0x6d, 0x70, 0x65,
    0x72, 0x2d, 0x4f, 0x62, 0x65, 0x72, 0x66, 0x6c, 0xc3, 0xa4, 0x63, 0x68, 0x65, 0x20, 0xc3, 0xb6,
    0x66, 0x66, 0x6e, 0x65, 0x6e, 0x22, 0x2c, 0x22, 0x65, 0x6e, 0x22, 0x3a, 0x22, 0x4f, 0x70, 0x65,
    0x6e, 0x20, 0x74, 0x68, 0x65, 0x20, 0x63, 0x61, 0x6d, 0x70, 0x65, 0x72, 0x20, 0x55, 0x49, 0x22,
    0x7d, 0x2c, 0x22, 0x63, 0x6f, 0x6e, 0x6e, 0x65, 0x63, 0x74, 0x22, 0x3a, 0x7b, 0x22, 0x64, 0x65,
    0x22, 0x3a, 0x22, 0x56, 0x65, 0x72, 0x62, 0x69, 0x6e, 0x64, 0x65, 0x6e, 0x22, 0x2c, 0x22, 0x65,
    0x6e, 0x22, 0x3a, 0x22, 0x43, 0x6f, 0x6e, 0x6e, 0x65, 0x63, 0x74, 0x22, 0x7d, 0x2c, 0x22, 0x64,
    0x65, 0x76, 0x69, 0x63, 0x65, 0x22, 0x3a, 0x7b, 0x22, 0x64, 0x65, 0x22, 0x3a, 0x22, 0x47, 0x65,
    0x72, 0xc3, 0xa4, 0x74, 0x22, 0x2c, 0x22, 0x65, 0x6e, 0x22, 0x3a, 0x22, 0x44, 0x65, 0x76, 0x69,
    0x63, 0x65, 0x22, 0x7d, 0x2c, 0x22, 0x65, 0x72, 0x72, 0x5f, 0x6a, 0x73, 0x6f, 0x6e, 0x22, 0x3a,
    0x7b, 0x22, 0x64, 0x65, 0x22, 0x3a, 0x22, 0x44, 0x61, 0x73, 0x20, 0x47, 0x65, 0x72, 0xc3, 0xa4,
    0x74, 0x20, 0x68, 0x61, 0x74, 0x20, 0x64, 0x69, 0x65, 0x20, 0x41, 0x6e, 0x66, 0x72, 0x61, 0x67,
    0x65, 0x20, 0x61, 0x62, 0x67, 0x65, 0x6c, 0x65, 0x68, 0x6e, 0x74, 0x2e, 0x22, 0x2c, 0x22, 0x65,
    0x6e, 0x22, 0x3a, 0x22, 0x54, 0x68, 0x65, 0x20, 0x64, 0x65, 0x76, 0x69, 0x63, 0x65, 0x20, 0x72,
    0x65, 0x6a, 0x65, 0x63, 0x74, 0x65, 0x64, 0x20, 0x74, 0x68, 0x65, 0x20, 0x72, 0x65, 0x71, 0x75,
    0x65, 0x73, 0x74, 0x2e, 0x22, 0x7d, 0x2c, 0x22, 0x65, 0x72, 0x72, 0x5f, 0x6e, 0x65, 0x74, 0x22,
    0x3a, 0x7b, 0x22, 0x64, 0x65, 0x22, 0x3a, 0x22, 0x4b, 0x65, 0x69, 0x6e, 0x65, 0x20, 0x41, 0x6e,
    0x74, 0x77, 0x6f, 0x72, 0x74, 0x20, 0x76, 0x6f, 0x6d, 0x20, 0x47, 0x65, 0x72, 0xc3, 0xa4, 0x74,
    0x2e, 0x22, 0x2c, 0x22, 0x65, 0x6e, 0x22, 0x3a, 0x22, 0x4e, 0x6f, 0x20, 0x61, 0x6e, 0x73, 0x77,
    0x65, 0x72, 0x20, 0x66, 0x72, 0x6f, 0x6d, 0x20, 0x74, 0x68, 0x65, 0x20, 0x64, 0x65, 0x76, 0x69,
    0x63, 0x65, 0x2e, 0x22, 0x7d, 0x2c, 0x22, 0x65, 0x72, 0x72, 0x5f, 0x70, 0x73, 0x6b, 0x22, 0x3a,
    0x7b, 0x22, 0x64, 0x65, 0x22, 0x3a, 0x22, 0x44, 0x61, 0x73, 0x20, 0x50, 0x61, 0x73, 0x73, 0x77,
    0x6f, 0x72, 0x74, 0x20, 0x62, 0x72, 0x61, 0x75, 0x63, 0x68, 0x74, 0x20, 0x7b, 0x6d, 0x69, 0x6e,
    0x7d, 0xe2, 0x80, 0x93, 0x7b, 0x6d, 0x61, 0x78, 0x7d, 0x20, 0x5a, 0x65, 0x69, 0x63, 0x68, 0x65,
    0x6e, 0x2e, 0x22, 0x2c, 0x22, 0x65, 0x6e, 0x22, 0x3a, 0x22, 0x54, 0x68, 0x65, 0x20, 0x70, 0x61,
    0x73, 0x73, 0x77, 0x6f, 0x72, 0x64, 0x20, 0x6e, 0x65, 0x65, 0x64, 0x73, 0x20, 0x7b, 0x6d, 0x69,
    0x6e, 0x7d, 0xe2, 0x80, 0x93, 0x7b, 0x6d, 0x61, 0x78, 0x7d, 0x20, 0x63, 0x68, 0x61, 0x72, 0x61,
    0x63, 0x74, 0x65, 0x72, 0x73, 0x2e, 0x22, 0x7d, 0x2c, 0x22, 0x65, 0x72, 0x72, 0x5f, 0x73, 0x73,
    0x69, 0x64, 0x22, 0x3a, 0x7b, 0x22, 0x64, 0x65, 0x22, 0x3a, 0x22, 0x57, 0xc3, 0xa4, 0x68, 0x6c,
    0x65, 0x20, 0x65, 0x69, 0x6e, 0x20, 0x4e, 0x65, 0x74, 0x7a, 0x77, 0x65, 0x72, 0x6b, 0x20, 0x28,
    0x31, 0xe2, 0x80, 0x93, 0x7b, 0x6d, 0x61, 0x78, 0x7d, 0x20, 0x5a, 0x65, 0x69, 0x63, 0x68, 0x65,
    0x6e, 0x29, 0x2e, 0x22, 0x2c, 0x22, 0x65, 0x6e, 0x22, 0x3a, 0x22, 0x43, 0x68, 0x6f, 0x6f, 0x73,
    0x65, 0x20, 0x61, 0x20, 0x6e, 0x65, 0x74, 0x77, 0x6f, 0x72, 0x6b, 0x20, 0x28, 0x31, 0xe2, 0x80,
    0x93, 0x7b, 0x6d, 0x61, 0x78, 0x7d, 0x20, 0x63, 0x68, 0x61, 0x72, 0x61, 0x63, 0x74, 0x65, 0x72,
    0x73, 0x29, 0x2e, 0x22, 0x7d, 0x2c, 0x22, 0x65, 0x72, 0x72, 0x5f, 0x73, 0x74, 0x6f, 0x72, 0x65,
    0x22, 0x3a, 0x7b, 0x22, 0x64, 0x65, 0x22, 0x3a, 0x22, 0x44, 0x69, 0x65, 0x20, 0x57, 0x4c, 0x41,
    0x4e, 0x2d, 0x45, 0x69, 0x6e, 0x73, 0x74, 0x65, 0x6c, 0x6c, 0x75, 0x6e, 0x67, 0x65, 0x6e, 0x20,
    0x6b, 0x6f, 0x6e, 0x6e, 0x74, 0x65, 0x6e, 0x20, 0x6e, 0x69, 0x63, 0x68, 0x74, 0x20, 0x67, 0x65,
    0x73, 0x70, 0x65, 0x69, 0x63, 0x68, 0x65, 0x72, 0x74, 0x20, 0x77, 0x65, 0x72, 0x64, 0x65, 0x6e,
    0x2e, 0x22, 0x2c, 0x22, 0x65, 0x6e, 0x22, 0x3a, 0x22, 0x43, 0x6f, 0x75, 0x6c, 0x64, 0x20, 0x6e,
    0x6f, 0x74, 0x20, 0x73, 0x61, 0x76, 0x65, 0x20, 0x74, 0x68, 0x65, 0x20, 0x57, 0x69, 0x46, 0x69,
    0x20, 0x73, 0x65, 0x74, 0x74, 0x69, 0x6e, 0x67, 0x73, 0x2e, 0x22, 0x7d, 0x2c, 0x22, 0x66, 0x69,
    0x72, 0x6d, 0x77, 0x61, 0x72, 0x65, 0x22, 0x3a, 0x7b, 0x22, 0x64, 0x65, 0x22, 0x3a, 0x22, 0x46,
    0x69, 0x72, 0x6d, 0x77, 0x61, 0x72, 0x65, 0x22, 0x2c, 0x22, 0x65, 0x6e, 0x22, 0x3a, 0x22, 0x46,
    0x69, 0x72, 0x6d, 0x77, 0x61, 0x72, 0x65, 0x22, 0x7d, 0x2c, 0x22, 0x66, 0x6e, 0x5f, 0x61, 0x69,
    0x72, 0x68, 0x65, 0x61, 0x74, 0x65, 0x72, 0x22, 0x3a, 0x7b, 0x22, 0x64, 0x65, 0x22, 0x3a, 0x22,
    0x4c, 0x75, 0x66, 0x74, 0x73, 0x74, 0x61, 0x6e, 0x64, 0x68, 0x65, 0x69, 0x7a, 0x75, 0x6e, 0x67,
    0x22, 0x2c, 0x22, 0x65, 0x6e, 0x22, 0x3a, 0x22, 0x41, 0x69, 0x72, 0x20, 0x68, 0x65, 0x61, 0x74,
    0x65, 0x72, 0x22, 0x7d, 0x2c, 0x22, 0x66, 0x6e, 0x5f, 0x63, 0x61, 0x6d, 0x70, 0x69, 0x6e, 0x67,
    0x6d, 0x6f, 0x64, 0x65, 0x22, 0x3a, 0x7b, 0x22, 0x64, 0x65, 0x22, 0x3a, 0x22, 0x43, 0x61, 0x6d,
    0x70, 0x69, 0x6e, 0x67, 0x6d, 0x6f, 0x64, 0x75, 0x73, 0x22, 0x2c, 0x22, 0x65, 0x6e, 0x22, 0x3a,
    0x22, 0x43, 0x61, 0x6d, 0x70, 0x69, 0x6e, 0x67, 0x20, 0x6d, 0x6f, 0x64, 0x65, 0x22, 0x7d, 0x2c,
    0x22, 0x66, 0x6e, 0x5f, 0x63, 0x6f, 0x6f, 0x6c, 0x65, 0x72, 0x22, 0x3a, 0x7b, 0x22, 0x64, 0x65,
    0x22, 0x3a, 0x22, 0x4b, 0xc3, 0xbc, 0x68, 0x6c, 0x62, 0x6f, 0x78, 0x22, 0x2c, 0x22, 0x65, 0x6e,
    0x22, 0x3a, 0x22, 0x43, 0x6f, 0x6f, 0x6c, 0x65, 0x72, 0x22, 0x7d, 0x2c, 0x22, 0x66, 0x6e, 0x5f,
    0x65, 0x6e, 0x65, 0x72, 0x67, 0x79, 0x22, 0x3a, 0x7b, 0x22, 0x64, 0x65, 0x22, 0x3a, 0x22, 0x45,
    0x6e, 0x65, 0x72, 0x67, 0x69, 0x65, 0x22, 0x2c, 0x22, 0x65, 0x6e, 0x22, 0x3a, 0x22, 0x45, 0x6e,
    0x65, 0x72, 0x67, 0x79, 0x22, 0x7d, 0x2c, 0x22, 0x66, 0x6e, 0x5f, 0x6c, 0x69, 0x67, 0x68, 0x74,
    0x69, 0x6e, 0x67, 0x22, 0x3a, 0x7b, 0x22, 0x64, 0x65, 0x22, 0x3a, 0x22, 0x42, 0x65, 0x6c, 0x65,
    0x75, 0x63, 0x68, 0x74, 0x75, 0x6e, 0x67, 0x22, 0x2c, 0x22, 0x65, 0x6e, 0x22, 0x3a, 0x22, 0x4c,
    0x69, 0x67, 0x68, 0x74, 0x69, 0x6e, 0x67, 0x22, 0x7d, 0x2c, 0x22, 0x66, 0x6e, 0x5f, 0x72, 0x6f,
    0x6f, 0x66, 0x22, 0x3a, 0x7b, 0x22, 0x64, 0x65, 0x22, 0x3a, 0x22, 0x41, 0x75, 0x66, 0x73, 0x74,
    0x65, 0x6c, 0x6c, 0x64, 0x61, 0x63, 0x68, 0x22, 0x2c, 0x22, 0x65, 0x6e, 0x22, 0x3a, 0x22, 0x52,
    0x6f, 0x6f, 0x66, 0x22, 0x7d, 0x2c, 0x22, 0x66, 0x6e, 0x5f, 0x76, 0x65, 0x68, 0x69, 0x63, 0x6c,
    0x65, 0x22, 0x3a, 0x7b, 0x22, 0x64, 0x65, 0x22, 0x3a, 0x22, 0x46, 0x61, 0x68, 0x72, 0x7a, 0x65,
    0x75, 0x67, 0x22, 0x2c, 0x22, 0x65, 0x6e, 0x22, 0x3a, 0x22, 0x56, 0x65, 0x68, 0x69, 0x63, 0x6c,
    0x65, 0x22, 0x7d, 0x2c, 0x22, 0x66, 0x6e, 0x5f, 0x77, 0x61, 0x74, 0x65, 0x72, 0x22, 0x3a, 0x7b,
    0x22, 0x64, 0x65, 0x22, 0x3a, 0x22, 0x57, 0x61, 0x73, 0x73, 0x65, 0x72, 0x22, 0x2c, 0x22, 0x65,
    0x6e, 0x22, 0x3a, 0x22, 0x57, 0x61, 0x74, 0x65, 0x72, 0x22, 0x7d, 0x2c, 0x22, 0x66, 0x75, 0x6e,
    0x63, 0x74, 0x69, 0x6f, 0x6e, 0x73, 0x22, 0x3a, 0x7b, 0x22, 0x64, 0x65, 0x22, 0x3a, 0x22, 0x43,
    0x61, 0x6d, 0x70, 0x65, 0x72, 0x2d, 0x45, 0x69, 0x6e, 0x68, 0x65, 0x69, 0x74, 0x22, 0x2c, 0x22,
    0x65, 0x6e, 0x22, 0x3a, 0x22, 0x43, 0x61, 0x6d, 0x70, 0x65, 0x72, 0x20, 0x75, 0x6e, 0x69, 0x74,
    0x22, 0x7d, 0x2c, 0x22, 0x69, 0x70, 0x22, 0x3a, 0x7b, 0x22, 0x64, 0x65, 0x22, 0x3a, 0x22, 0x49,
    0x50, 0x2d, 0x41, 0x64, 0x72, 0x65, 0x73, 0x73, 0x65, 0x22, 0x2c, 0x22, 0x65, 0x6e, 0x22, 0x3a,
    0x22, 0x49, 0x50, 0x20, 0x61, 0x64, 0x64, 0x72, 0x65, 0x73, 0x73, 0x22, 0x7d, 0x2c, 0x22, 0x6a,
    0x6f, 0x69, 0x6e, 0x5f, 0x66, 0x61, 0x69, 0x6c, 0x65, 0x64, 0x5f, 0x61, 0x75, 0x74, 0x68, 0x22,
    0x3a, 0x7b, 0x22, 0x64, 0x65, 0x22, 0x3a, 0x22, 0x46, 0x61, 0x6c, 0x73, 0x63, 0x68, 0x65, 0x73,
    0x20, 0x50, 0x61, 0x73, 0x73, 0x77, 0x6f, 0x72, 0x74, 0x20, 0xe2, 0x80, 0x94, 0x20, 0x76, 0x65,
    0x72, 0x73, 0x75, 0x63, 0x68, 0x65, 0x20, 0x65, 0x73, 0x20, 0x65, 0x72, 0x6e, 0x65, 0x75, 0x74,
    0x2e, 0x22, 0x2c, 0x22, 0x65, 0x6e, 0x22, 0x3a, 0x22, 0x57, 0x72, 0x6f, 0x6e, 0x67, 0x20, 0x70,
    0x61, 0x73, 0x73, 0x77, 0x6f, 0x72, 0x64, 0x20, 0xe2, 0x80, 0x94, 0x20, 0x74, 0x72, 0x79, 0x20,
    0x61, 0x67, 0x61, 0x69, 0x6e, 0x2e, 0x22, 0x7d, 0x2c, 0x22, 0x6a, 0x6f, 0x69, 0x6e, 0x5f, 0x66,
    0x61, 0x69, 0x6c, 0x65, 0x64, 0x5f, 0x6e, 0x6f, 0x74, 0x5f, 0x66, 0x6f, 0x75, 0x6e, 0x64, 0x22,
    0x3a, 0x7b, 0x22, 0x64, 0x65, 0x22, 0x3a, 0x22, 0x4e, 0x65, 0x74, 0x7a, 0x77, 0x65, 0x72, 0x6b,
    0x20, 0x6e, 0x69, 0x63, 0x68, 0x74, 0x20, 0x67, 0x65, 0x66, 0x75, 0x6e, 0x64, 0x65, 0x6e, 0x20,
    0xe2, 0x80, 0x94, 0x20, 0x70, 0x72, 0xc3, 0xbc, 0x66, 0x65, 0x2c, 0x20, 0x6f, 0x62, 0x20, 0x65,
    0x73, 0x20, 0x69, 0x6e, 0x20, 0x52, 0x65, 0x69, 0x63, 0x68, 0x77, 0x65, 0x69, 0x74, 0x65, 0x20,
    0x69, 0x73, 0x74, 0x2c, 0x20, 0x75, 0x6e, 0x64, 0x20, 0x76, 0x65, 0x72, 0x73, 0x75, 0x63, 0x68,
    0x65, 0x20, 0x65, 0x73, 0x20, 0x65, 0x72, 0x6e, 0x65, 0x75, 0x74, 0x2e, 0x22, 0x2c, 0x22, 0x65,
    0x6e, 0x22, 0x3a, 0x22, 0x4e, 0x65, 0x74, 0x77, 0x6f, 0x72, 0x6b, 0x20, 0x6e, 0x6f, 0x74, 0x20,
    0x66, 0x6f, 0x75, 0x6e, 0x64, 0x20, 0xe2, 0x80, 0x94, 0x20, 0x63, 0x68, 0x65, 0x63, 0x6b, 0x20,
    0x74, 0x68, 0x61, 0x74, 0x20, 0x69, 0x74, 0x20, 0x69, 0x73, 0x20, 0x69, 0x6e, 0x20, 0x72, 0x61,
    0x6e, 0x67, 0x65, 0x2c, 0x20, 0x74, 0x68, 0x65, 0x6e, 0x20, 0x74, 0x72, 0x79, 0x20, 0x61, 0x67,
    0x61, 0x69, 0x6e, 0x2e, 0x22, 0x7d, 0x2c, 0x22, 0x6a, 0x6f, 0x69, 0x6e, 0x5f, 0x66, 0x61, 0x69,
    0x6c, 0x65, 0x64, 0x5f, 0x6f, 0x74, 0x68, 0x65, 0x72, 0x22, 0x3a, 0x7b, 0x22, 0x64, 0x65, 0x22,
    0x3a, 0x22, 0x56, 0x65, 0x72, 0x62, 0x69, 0x6e, 0x64, 0x75, 0x6e, 0x67, 0x20, 0x6e, 0x69, 0x63,
    0x68, 0x74, 0x20, 0x6d, 0xc3, 0xb6, 0x67, 0x6c, 0x69, 0x63, 0x68, 0x20, 0xe2, 0x80, 0x94, 0x20,
    0x76, 0x65, 0x72, 0x73, 0x75, 0x63, 0x68, 0x65, 0x20, 0x65, 0x73, 0x20, 0x65, 0x72, 0x6e, 0x65,
    0x75, 0x74, 0x2e, 0x22, 0x2c, 0x22, 0x65, 0x6e, 0x22, 0x3a, 0x22, 0x43, 0x6f, 0x75, 0x6c, 0x64,
    0x20, 0x6e, 0x6f, 0x74, 0x20, 0x6a, 0x6f, 0x69, 0x6e, 0x20, 0x74, 0x68, 0x65, 0x20, 0x6e, 0x65,
    0x74, 0x77, 0x6f, 0x72, 0x6b, 0x20, 0xe2, 0x80, 0x94, 0x20, 0x74, 0x72, 0x79, 0x20, 0x61, 0x67,
    0x61, 0x69, 0x6e, 0x2e, 0x22, 0x7d, 0x2c, 0x22, 0x6a, 0x6f, 0x69, 0x6e, 0x65, 0x64, 0x22, 0x3a,
    0x7b, 0x22, 0x64, 0x65, 0x22, 0x3a, 0x22, 0x56, 0x65, 0x72, 0x62, 0x75, 0x6e, 0x64, 0x65, 0x6e,
    0x20, 0x61, 0x6c, 0x73, 0x20, 0x7b, 0x69, 0x70, 0x7d, 0x2e, 0x20, 0x56, 0x65, 0x72, 0x62, 0x69,
    0x6e, 0x64, 0x65, 0x20, 0x61, 0x75, 0x63, 0x68, 0x20, 0x64, 0x69, 0x65, 0x73, 0x65, 0x73, 0x20,
    0x47, 0x65, 0x72, 0xc3, 0xa4, 0x74, 0x20, 0x6d, 0x69, 0x74, 0x20, 0x7b, 0x73, 0x73, 0x69, 0x64,
    0x7d, 0x20, 0x75, 0x6e, 0x64, 0x20, 0xc3, 0xb6, 0x66, 0x66, 0x6e, 0x65, 0x20, 0x64, 0x61, 0x6e,
    0x6e, 0x3a, 0x22, 0x2c, 0x22, 0x65, 0x6e, 0x22, 0x3a, 0x22, 0x43, 0x6f, 0x6e, 0x6e, 0x65, 0x63,
    0x74, 0x65, 0x64, 0x20, 0x61, 0x73, 0x20, 0x7b, 0x69, 0x70, 0x7d, 0x2e, 0x20, 0x4a, 0x6f, 0x69,
    0x6e, 0x20, 0x7b, 0x73, 0x73, 0x69, 0x64, 0x7d, 0x20, 0x77, 0x69, 0x74, 0x68, 0x20, 0x74, 0x68,
    0x69, 0x73, 0x20, 0x64, 0x65, 0x76, 0x69, 0x63, 0x65, 0x20, 0x74, 0x6f, 0x6f, 0x2c, 0x20, 0x74,
    0x68, 0x65, 0x6e, 0x20, 0x6f, 0x70, 0x65, 0x6e, 0x3a, 0x22, 0x7d, 0x2c, 0x22, 0x6a, 0x6f, 0x69,
    0x6e, 0x69, 0x6e, 0x67, 0x22, 0x3a, 0x7b, 0x22, 0x64, 0x65, 0x22, 0x3a, 0x22, 0x56, 0x65, 0x72,
    0x62, 0x69, 0x6e, 0x64, 0x65, 0x20, 0x6d, 0x69, 0x74, 0x20, 0x7b, 0x73, 0x73, 0x69, 0x64, 0x7d,
    0xe2, 0x80, 0xa6, 0x22, 0x2c, 0x22, 0x65, 0x6e, 0x22, 0x3a, 0x22, 0x43, 0x6f, 0x6e, 0x6e, 0x65,
    0x63, 0x74, 0x69, 0x6e, 0x67, 0x20, 0x74, 0x6f, 0x20, 0x7b, 0x73, 0x73, 0x69, 0x64, 0x7d, 0xe2,
    0x80, 0xa6, 0x22, 0x7d, 0x2c, 0x22, 0x6c, 0x61, 0x73, 0x74, 0x5f, 0x75, 0x70, 0x64, 0x61, 0x74,
    0x65, 0x22, 0x3a, 0x7b, 0x22, 0x64, 0x65, 0x22, 0x3a, 0x22, 0x4c, 0x65, 0x74, 0x7a, 0x74, 0x65,
    0x20, 0x41, 0x6b, 0x74, 0x75, 0x61, 0x6c, 0x69, 0x73, 0x69, 0x65, 0x72, 0x75, 0x6e, 0x67, 0x22,
    0x2c, 0x22, 0x65, 0x6e, 0x22, 0x3a, 0x22, 0x4c, 0x61, 0x73, 0x74, 0x20, 0x75, 0x70, 0x64, 0x61,
    0x74, 0x65, 0x22, 0x7d, 0x2c, 0x22, 0x6c, 0x69, 0x6e, 0x6b, 0x22, 0x3a, 0x7b, 0x22, 0x64, 0x65,
    0x22, 0x3a, 0x22, 0x56, 0x65, 0x72, 0x62, 0x69, 0x6e, 0x64, 0x75, 0x6e, 0x67, 0x20, 0x7a, 0x75,
    0x72, 0x20, 0x43, 0x61, 0x6d, 0x70, 0x65, 0x72, 0x2d, 0x45, 0x69, 0x6e, 0x68, 0x65, 0x69, 0x74,
    0x22, 0x2c, 0x22, 0x65, 0x6e, 0x22, 0x3a, 0x22, 0x4c, 0x69, 0x6e, 0x6b, 0x20, 0x74, 0x6f, 0x20,
    0x74, 0x68, 0x65, 0x20, 0x63, 0x61, 0x6d, 0x70, 0x65, 0x72, 0x20, 0x75, 0x6e, 0x69, 0x74, 0x22,
    0x7d, 0x2c, 0x22, 0x6c, 0x69, 0x6e, 0x6b, 0x5f, 0x64, 0x6f, 0x77, 0x6e, 0x22, 0x3a, 0x7b, 0x22,
    0x64, 0x65, 0x22, 0x3a, 0x22, 0x6e, 0x69, 0x63, 0x68, 0x74, 0x20, 0x76, 0x65, 0x72, 0x62, 0x75,
    0x6e, 0x64, 0x65, 0x6e, 0x22, 0x2c, 0x22, 0x65, 0x6e, 0x22, 0x3a, 0x22, 0x6e, 0x6f, 0x74, 0x20,
    0x63, 0x6f, 0x6e, 0x6e, 0x65, 0x63, 0x74, 0x65, 0x64, 0x22, 0x7d, 0x2c, 0x22, 0x6c, 0x69, 0x6e,
    0x6b, 0x5f, 0x75, 0x70, 0x22, 0x3a, 0x7b, 0x22, 0x64, 0x65, 0x22, 0x3a, 0x22, 0x76, 0x65, 0x72,
    0x62, 0x75, 0x6e, 0x64, 0x65, 0x6e, 0x22, 0x2c, 0x22, 0x65, 0x6e, 0x22, 0x3a, 0x22, 0x63, 0x6f,
    0x6e, 0x6e, 0x65, 0x63, 0x74, 0x65, 0x64, 0x22, 0x7d, 0x2c, 0x22, 0x6d, 0x6f, 0x64, 0x65, 0x5f,
    0x6f, 0x66, 0x66, 0x22, 0x3a, 0x7b, 0x22, 0x64, 0x65, 0x22, 0x3a, 0x22, 0x61, 0x75, 0x73, 0x22,
    0x2c, 0x22, 0x65, 0x6e, 0x22, 0x3a, 0x22, 0x6f, 0x66, 0x66, 0x22, 0x7d, 0x2c, 0x22, 0x6d, 0x6f,
    0x64, 0x65, 0x5f, 0x73, 0x65, 0x74, 0x75, 0x70, 0x22, 0x3a, 0x7b, 0x22, 0x64, 0x65, 0x22, 0x3a,
    0x22, 0x45, 0x69, 0x6e, 0x72, 0x69, 0x63, 0x68, 0x74, 0x75, 0x6e, 0x67, 0x73, 0x2d, 0x48, 0x6f,
    0x74, 0x73, 0x70, 0x6f, 0x74, 0x22, 0x2c, 0x22, 0x65, 0x6e, 0x22, 0x3a, 0x22, 0x73, 0x65, 0x74,
    0x75, 0x70, 0x20, 0x68, 0x6f, 0x74, 0x73, 0x70, 0x6f, 0x74, 0x22, 0x7d, 0x2c, 0x22, 0x6d, 0x6f,
    0x64, 0x65, 0x5f, 0x73, 0x74, 0x61, 0x74, 0x69, 0x6f, 0x6e, 0x22, 0x3a, 0x7b, 0x22, 0x64, 0x65,
    0x22, 0x3a, 0x22, 0x76, 0x65, 0x72, 0x62, 0x75, 0x6e, 0x64, 0x65, 0x6e, 0x22, 0x2c, 0x22, 0x65,
    0x6e, 0x22, 0x3a, 0x22, 0x63, 0x6f, 0x6e, 0x6e, 0x65, 0x63, 0x74, 0x65, 0x64, 0x22, 0x7d, 0x2c,
    0x22, 0x6e, 0x65, 0x74, 0x77, 0x6f, 0x72, 0x6b, 0x22, 0x3a, 0x7b, 0x22, 0x64, 0x65, 0x22, 0x3a,
    0x22, 0x4e, 0x65, 0x74, 0x7a, 0x77, 0x65, 0x72, 0x6b, 0x22, 0x2c, 0x22, 0x65, 0x6e, 0x22, 0x3a,
    0x22, 0x4e, 0x65, 0x74, 0x77, 0x6f, 0x72, 0x6b, 0x22, 0x7d, 0x2c, 0x22, 0x6e, 0x6f, 0x5f, 0x64,
    0x61, 0x74, 0x61, 0x22, 0x3a, 0x7b, 0x22, 0x64, 0x65, 0x22, 0x3a, 0x22, 0x4e, 0x6f, 0x63, 0x68,
    0x20, 0x6b, 0x65, 0x69, 0x6e, 0x65, 0x20, 0x44, 0x61, 0x74, 0x65, 0x6e, 0x20, 0x76, 0x6f, 0x6e,
    0x20, 0x64, 0x65, 0x72, 0x20, 0x43, 0x61, 0x6d, 0x70, 0x65, 0x72, 0x2d, 0x45, 0x69, 0x6e, 0x68,
    0x65, 0x69, 0x74, 0x2e, 0x22, 0x2c, 0x22, 0x65, 0x6e, 0x22, 0x3a, 0x22, 0x4e, 0x6f, 0x20, 0x64,
    0x61, 0x74, 0x61, 0x20, 0x66, 0x72, 0x6f, 0x6d, 0x20, 0x74, 0x68, 0x65, 0x20, 0x63, 0x61, 0x6d,
    0x70, 0x65, 0x72, 0x20, 0x75, 0x6e, 0x69, 0x74, 0x20, 0x79, 0x65, 0x74, 0x2e, 0x22, 0x7d, 0x2c,
    0x22, 0x6e, 0x6f, 0x5f, 0x6e, 0x65, 0x74, 0x77, 0x6f, 0x72, 0x6b, 0x73, 0x22, 0x3a, 0x7b, 0x22,
    0x64, 0x65, 0x22, 0x3a, 0x22, 0x4b, 0x65, 0x69, 0x6e, 0x65, 0x20, 0x4e, 0x65, 0x74, 0x7a, 0x77,
    0x65, 0x72, 0x6b, 0x65, 0x20, 0x67, 0x65, 0x66, 0x75, 0x6e, 0x64, 0x65, 0x6e, 0x22, 0x2c, 0x22,
    0x65, 0x6e, 0x22, 0x3a, 0x22, 0x4e, 0x6f, 0x20, 0x6e, 0x65, 0x74, 0x77, 0x6f, 0x72, 0x6b, 0x73,
    0x20, 0x66, 0x6f, 0x75, 0x6e, 0x64, 0x22, 0x7d, 0x2c, 0x22, 0x6e, 0x6f, 0x6e, 0x65, 0x22, 0x3a,
    0x7b, 0x22, 0x64, 0x65, 0x22, 0x3a, 0x22, 0x6b, 0x65, 0x69, 0x6e, 0x65, 0x22, 0x2c, 0x22, 0x65,
    0x6e, 0x22, 0x3a, 0x22, 0x6e, 0x6f, 0x6e, 0x65, 0x22, 0x7d, 0x2c, 0x22, 0x6f, 0x66, 0x66, 0x6c,
    0x69, 0x6e, 0x65, 0x22, 0x3a, 0x7b, 0x22, 0x64, 0x65, 0x22, 0x3a, 0x22, 0x47, 0x65, 0x72, 0xc3,
    0xa4, 0x74, 0x20, 0x6e, 0x69, 0x63, 0x68, 0x74, 0x20, 0x65, 0x72, 0x72, 0x65, 0x69, 0x63, 0x68,
    0x62, 0x61, 0x72, 0x22, 0x2c, 0x22, 0x65, 0x6e, 0x22, 0x3a, 0x22, 0x44, 0x65, 0x76, 0x69, 0x63,
    0x65, 0x20, 0x6e, 0x6f, 0x74, 0x20, 0x72, 0x65, 0x61, 0x63, 0x68, 0x61, 0x62, 0x6c, 0x65, 0x22,
    0x7d, 0x2c, 0x22, 0x6f, 0x70, 0x65, 0x6e, 0x5f, 0x75, 0x6e, 0x73, 0x75, 0x70, 0x70, 0x6f, 0x72,
    0x74, 0x65, 0x64, 0x22, 0x3a, 0x7b, 0x22, 0x64, 0x65, 0x22, 0x3a, 0x22, 0x6f, 0x66, 0x66, 0x65,
    0x6e, 0x65, 0x73, 0x20, 0x4e, 0x65, 0x74, 0x7a, 0x2c, 0x20, 0x6e, 0x69, 0x63, 0x68, 0x74, 0x20,
    0x75, 0x6e, 0x74, 0x65, 0x72, 0x73, 0x74, 0xc3, 0xbc, 0x74, 0x7a, 0x74, 0x22, 0x2c, 0x22, 0x65,
    0x6e, 0x22, 0x3a, 0x22, 0x6f, 0x70, 0x65, 0x6e, 0x20, 0x6e, 0x65, 0x74, 0x77, 0x6f, 0x72, 0x6b,
    0x2c, 0x20, 0x6e, 0x6f, 0x74, 0x20, 0x73, 0x75, 0x70, 0x70, 0x6f, 0x72, 0x74, 0x65, 0x64, 0x22,
    0x7d, 0x2c, 0x22, 0x70, 0x61, 0x69, 0x72, 0x65, 0x64, 0x22, 0x3a, 0x7b, 0x22, 0x64, 0x65, 0x22,
    0x3a, 0x22, 0x67, 0x65, 0x6b, 0x6f, 0x70, 0x70, 0x65, 0x6c, 0x74, 0x22, 0x2c, 0x22, 0x65, 0x6e,
    0x22, 0x3a, 0x22, 0x70, 0x61, 0x69, 0x72, 0x65, 0x64, 0x22, 0x7d, 0x2c, 0x22, 0x70, 0x61, 0x69,
    0x72, 0x69, 0x6e, 0x67, 0x22, 0x3a, 0x7b, 0x22, 0x64, 0x65, 0x22, 0x3a, 0x22, 0x42, 0x6c, 0x75,
    0x65, 0x74, 0x6f, 0x6f, 0x74, 0x68, 0x2d, 0x4b, 0x6f, 0x70, 0x70, 0x6c, 0x75, 0x6e, 0x67, 0x22,
    0x2c, 0x22, 0x65, 0x6e, 0x22, 0x3a, 0x22, 0x42, 0x6c, 0x75, 0x65, 0x74, 0x6f, 0x6f, 0x74, 0x68,
    0x20, 0x70, 0x61, 0x69, 0x72, 0x69, 0x6e, 0x67, 0x22, 0x7d, 0x2c, 0x22, 0x70, 0x61, 0x73, 0x73,
    0x77, 0x6f, 0x72, 0x64, 0x22, 0x3a, 0x7b, 0x22, 0x64, 0x65, 0x22, 0x3a, 0x22, 0x50, 0x61, 0x73,
    0x73, 0x77, 0x6f, 0x72, 0x74, 0x22, 0x2c, 0x22, 0x65, 0x6e, 0x22, 0x3a, 0x22, 0x50, 0x61, 0x73,
    0x73, 0x77, 0x6f, 0x72, 0x64, 0x22, 0x7d, 0x2c, 0x22, 0x72, 0x65, 0x73, 0x63, 0x61, 0x6e, 0x22,
    0x3a, 0x7b, 0x22, 0x64, 0x65, 0x22, 0x3a, 0x22, 0x45, 0x72, 0x6e, 0x65, 0x75, 0x74, 0x20, 0x73,
    0x75, 0x63, 0x68, 0x65, 0x6e, 0x22, 0x2c, 0x22, 0x65, 0x6e, 0x22, 0x3a, 0x22, 0x53, 0x65, 0x61,
    0x72, 0x63, 0x68, 0x20, 0x61, 0x67, 0x61, 0x69, 0x6e, 0x22, 0x7d, 0x2c, 0x22, 0x72, 0x65, 0x74,
    0x72, 0x79, 0x69, 0x6e, 0x67, 0x22, 0x3a, 0x7b, 0x22, 0x64, 0x65, 0x22, 0x3a, 0x22, 0x56, 0x65,
    0x72, 0x62, 0x69, 0x6e, 0x64, 0x75, 0x6e, 0x67, 0x20, 0x77, 0x69, 0x72, 0x64, 0x20, 0x65, 0x72,
    0x6e, 0x65, 0x75, 0x74, 0x20, 0x76, 0x65, 0x72, 0x73, 0x75, 0x63, 0x68, 0x74, 0xe2, 0x80, 0xa6,
    0x22, 0x2c, 0x22, 0x65, 0x6e, 0x22, 0x3a, 0x22, 0x52, 0x65, 0x74, 0x72, 0x79, 0x69, 0x6e, 0x67,
    0x20, 0x74, 0x68, 0x65, 0x20, 0x63, 0x6f, 0x6e, 0x6e, 0x65, 0x63, 0x74, 0x69, 0x6f, 0x6e, 0xe2,
    0x80, 0xa6, 0x22, 0x7d, 0x2c, 0x22, 0x73, 0x63, 0x61, 0x6e, 0x6e, 0x69, 0x6e, 0x67, 0x22, 0x3a,
    0x7b, 0x22, 0x64, 0x65, 0x22, 0x3a, 0x22, 0x53, 0x75, 0x63, 0x68, 0x65, 0x20, 0x4e, 0x65, 0x74,
    0x7a, 0x77, 0x65, 0x72, 0x6b, 0x65, 0xe2, 0x80, 0xa6, 0x22, 0x2c, 0x22, 0x65, 0x6e, 0x22, 0x3a,
    0x22, 0x53, 0x65, 0x61, 0x72, 0x63, 0x68, 0x69, 0x6e, 0x67, 0x20, 0x66, 0x6f, 0x72, 0x20, 0x6e,
    0x65, 0x74, 0x77, 0x6f, 0x72, 0x6b, 0x73, 0xe2, 0x80, 0xa6, 0x22, 0x7d, 0x2c, 0x22, 0x73, 0x65,
    0x63, 0x6f, 0x6e, 0x64, 0x73, 0x5f, 0x61, 0x67, 0x6f, 0x22, 0x3a, 0x7b, 0x22, 0x64, 0x65, 0x22,
    0x3a, 0x22, 0x76, 0x6f, 0x72, 0x20, 0x7b, 0x6e, 0x7d, 0x20, 0x73, 0x22, 0x2c, 0x22, 0x65, 0x6e,
    0x22, 0x3a, 0x22, 0x7b, 0x6e, 0x7d, 0x20, 0x73, 0x20, 0x61, 0x67, 0x6f, 0x22, 0x7d, 0x2c, 0x22,
    0x73, 0x65, 0x74, 0x75, 0x70, 0x5f, 0x68, 0x69, 0x6e, 0x74, 0x22, 0x3a, 0x7b, 0x22, 0x64, 0x65,
    0x22, 0x3a, 0x22, 0x57, 0xc3, 0xa4, 0x68, 0x6c, 0x65, 0x20, 0x65, 0x69, 0x6e, 0x20, 0x4e, 0x65,
    0x74, 0x7a, 0x77, 0x65, 0x72, 0x6b, 0x20, 0x75, 0x6e, 0x64, 0x20, 0x67, 0x69, 0x62, 0x20, 0x73,
    0x65, 0x69, 0x6e, 0x20, 0x50, 0x61, 0x73, 0x73, 0x77, 0x6f, 0x72, 0x74, 0x20, 0x65, 0x69, 0x6e,
    0x2e, 0x22, 0x2c, 0x22, 0x65, 0x6e, 0x22, 0x3a, 0x22, 0x43, 0x68, 0x6f, 0x6f, 0x73, 0x65, 0x20,
    0x61, 0x20, 0x6e, 0x65, 0x74, 0x77, 0x6f, 0x72, 0x6b, 0x20, 0x61, 0x6e, 0x64, 0x20, 0x65, 0x6e,
    0x74, 0x65, 0x72, 0x20, 0x69, 0x74, 0x73, 0x20, 0x70, 0x61, 0x73, 0x73, 0x77, 0x6f, 0x72, 0x64,
    0x2e, 0x22, 0x7d, 0x2c, 0x22, 0x73, 0x65, 0x74, 0x75, 0x70, 0x5f, 0x74, 0x69, 0x74, 0x6c, 0x65,
    0x22, 0x3a, 0x7b, 0x22, 0x64, 0x65, 0x22, 0x3a, 0x22, 0x4d, 0x69, 0x74, 0x20, 0x64, 0x65, 0x69,
    0x6e, 0x65, 0x6d, 0x20, 0x57, 0x4c, 0x41, 0x4e, 0x20, 0x76, 0x65, 0x72, 0x62, 0x69, 0x6e, 0x64,
    0x65, 0x6e, 0x22, 0x2c, 0x22, 0x65, 0x6e, 0x22, 0x3a, 0x22, 0x43, 0x6f, 0x6e, 0x6e, 0x65, 0x63,
    0x74, 0x20, 0x74, 0x6f, 0x20, 0x79, 0x6f, 0x75, 0x72, 0x20, 0x57, 0x69, 0x46, 0x69, 0x22, 0x7d,
    0x2c, 0x22, 0x73, 0x69, 0x67, 0x6e, 0x61, 0x6c, 0x22, 0x3a, 0x7b, 0x22, 0x64, 0x65, 0x22, 0x3a,
    0x22, 0x53, 0x69, 0x67, 0x6e, 0x61, 0x6c, 0x22, 0x2c, 0x22, 0x65, 0x6e, 0x22, 0x3a, 0x22, 0x53,
    0x69, 0x67, 0x6e, 0x61, 0x6c, 0x22, 0x7d, 0x2c, 0x22, 0x74, 0x69, 0x74, 0x6c, 0x65, 0x22, 0x3a,
    0x7b, 0x22, 0x64, 0x65, 0x22, 0x3a, 0x22, 0x43, 0x61, 0x6d, 0x70, 0x65, 0x72, 0x2d, 0x53, 0x74,
    0x61, 0x74, 0x75, 0x73, 0x22, 0x2c, 0x22, 0x65, 0x6e, 0x22, 0x3a, 0x22, 0x43, 0x61, 0x6d, 0x70,
    0x65, 0x72, 0x20, 0x73, 0x74, 0x61, 0x74, 0x75, 0x73, 0x22, 0x7d, 0x2c, 0x22, 0x75, 0x70, 0x74,
    0x69, 0x6d, 0x65, 0x22, 0x3a, 0x7b, 0x22, 0x64, 0x65, 0x22, 0x3a, 0x22, 0x4c, 0x61, 0x75, 0x66,
    0x7a, 0x65, 0x69, 0x74, 0x22, 0x2c, 0x22, 0x65, 0x6e, 0x22, 0x3a, 0x22, 0x55, 0x70, 0x74, 0x69,
    0x6d, 0x65, 0x22, 0x7d, 0x2c, 0x22, 0x77, 0x69, 0x66, 0x69, 0x22, 0x3a, 0x7b, 0x22, 0x64, 0x65,
    0x22, 0x3a, 0x22, 0x57, 0x4c, 0x41, 0x4e, 0x22, 0x2c, 0x22, 0x65, 0x6e, 0x22, 0x3a, 0x22, 0x57,
    0x69, 0x46, 0x69, 0x22, 0x7d, 0x7d, 0x3b, 0x0a, 0x3c, 0x2f, 0x73, 0x63, 0x72, 0x69, 0x70, 0x74,
    0x3e, 0x0a, 0x3c, 0x73, 0x63, 0x72, 0x69, 0x70, 0x74, 0x3e, 0x0a, 0x2f, 0x2a, 0x20, 0x70, 0x61,
    0x67, 0x65, 0x2e, 0x6a, 0x73, 0x20, 0xe2, 0x80, 0x94, 0x20, 0x74, 0x68, 0x65, 0x20, 0x45, 0x53,
    0x50, 0x33, 0x32, 0x20, 0x66, 0x69, 0x72, 0x6d, 0x77, 0x61, 0x72, 0x65, 0x27, 0x73, 0x20, 0x73,
    0x74, 0x61, 0x74, 0x75, 0x73, 0x2f, 0x73, 0x65, 0x74, 0x75, 0x70, 0x20, 0x70, 0x61, 0x67, 0x65,
    0x20, 0x73, 0x63, 0x72, 0x69, 0x70, 0x74, 0x20, 0x28, 0x23, 0x31, 0x35, 0x34, 0x29, 0x2e, 0x20,
    0x53, 0x4f, 0x55, 0x52, 0x43, 0x45, 0x3a, 0x20, 0x74, 0x6f, 0x6f, 0x6c, 0x73, 0x2f, 0x67, 0x65,
    0x6e, 0x5f, 0x63, 0x5f, 0x64, 0x69, 0x63, 0x74, 0x2e, 0x70, 0x79, 0x20, 0x69, 0x6e, 0x6c, 0x69,
    0x6e, 0x65, 0x73, 0x0a, 0x20, 0x2a, 0x20, 0x69, 0x74, 0x20, 0x69, 0x6e, 0x74, 0x6f, 0x20, 0x69,
    0x6e, 0x64, 0x65, 0x78, 0x5f, 0x67, 0x65, 0x6e, 0x2e, 0x68, 0x74, 0x6d, 0x6c, 0x20, 0x28, 0x69,
    0x6e, 0x64, 0x65, 0x78, 0x2e, 0x68, 0x74, 0x6d, 0x6c, 0x27, 0x73, 0x20, 0x50, 0x41, 0x47, 0x45,
    0x5f, 0x4a, 0x53, 0x20, 0x70, 0x6c, 0x61, 0x63, 0x65, 0x68, 0x6f, 0x6c, 0x64, 0x65, 0x72, 0x29,
    0x2c, 0x20, 0x72, 0x69, 0x67, 0x68, 0x74, 0x20, 0x61, 0x66, 0x74, 0x65, 0x72, 0x20, 0x74, 0x68,
    0x65, 0x20, 0x73, 0x63, 0x72, 0x69, 0x70, 0x74, 0x20, 0x74, 0x68, 0x61, 0x74, 0x20, 0x64, 0x65,
    0x66, 0x69, 0x6e, 0x65, 0x73, 0x0a, 0x20, 0x2a, 0x20, 0x43, 0x46, 0x47, 0x20, 0x28, 0x67, 0x65,
    0x6e, 0x65, 0x72, 0x61, 0x74, 0x65, 0x64, 0x20, 0x63, 0x6f, 0x6e, 0x73, 0x74, 0x61, 0x6e, 0x74,
    0x73, 0x29, 0x20, 0x61, 0x6e, 0x64, 0x20, 0x53, 0x54, 0x52, 0x20, 0x28, 0x74, 0x68, 0x65, 0x20,
    0x73, 0x74, 0x72, 0x69, 0x6e, 0x67, 0x73, 0x2e, 0x6a, 0x73, 0x6f, 0x6e, 0x20, 0x74, 0x61, 0x62,
    0x6c, 0x65, 0x29, 0x20, 0xe2, 0x80, 0x94, 0x20, 0x74, 0x68, 0x65, 0x69, 0x72, 0x20, 0x74, 0x79,
    0x70, 0x65, 0x73, 0x3a, 0x20, 0x67, 0x6c, 0x6f, 0x62, 0x61, 0x6c, 0x73, 0x2e, 0x64, 0x2e, 0x74,
    0x73, 0x2e, 0x0a, 0x20, 0x2a, 0x20, 0x55, 0x6e, 0x2d, 0x62, 0x75, 0x69, 0x6c, 0x74, 0x20, 0x4a,
    0x53, 0x3a, 0x20, 0x60, 0x74, 0x6f, 0x6f, 0x6c, 0x73, 0x2f, 0x63, 0x69, 0x2e, 0x73, 0x68, 0x20,
    0x77, 0x65, 0x62, 0x63, 0x68, 0x65, 0x63, 0x6b, 0x60, 0x20, 0x74, 0x79, 0x70, 0x65, 0x2d, 0x63,
    0x68, 0x65, 0x63, 0x6b, 0x73, 0x20, 0x69, 0x74, 0x20, 0x28, 0x74, 0x73, 0x63, 0x20, 0x2d, 0x2d,
    0x63, 0x68, 0x65, 0x63, 0x6b, 0x4a, 0x73, 0x2c, 0x20, 0x6a, 0x73, 0x63, 0x6f, 0x6e, 0x66, 0x69,
    0x67, 0x2e, 0x6a, 0x73, 0x6f, 0x6e, 0x2c, 0x20, 0x30, 0x20, 0x65, 0x72, 0x72, 0x6f, 0x72, 0x73,
    0x29, 0x20, 0x61, 0x6e, 0x64, 0x0a, 0x20, 0x2a, 0x20, 0x74, 0x65, 0x73, 0x74, 0x73, 0x2f, 0x66,
    0x69, 0x72, 0x6d, 0x77, 0x61, 0x72, 0x65, 0x2f, 0x74, 0x65, 0x73, 0x74, 0x5f, 0x77, 0x65, 0x62,
    0x5f, 0x65, 0x32, 0x65, 0x2e, 0x70, 0x79, 0x20, 0x64, 0x72, 0x69, 0x76, 0x65, 0x73, 0x20, 0x69,
    0x74, 0x20, 0x69, 0x6e, 0x20, 0x43, 0x68, 0x72, 0x6f, 0x6d, 0x69, 0x75, 0x6d, 0x2e, 0x20, 0x2a,
    0x2f, 0x0a, 0x2f, 0x2f, 0x20, 0x40, 0x74, 0x73, 0x2d, 0x63, 0x68, 0x65, 0x63, 0x6b, 0x0a, 0x22,
    0x75, 0x73, 0x65, 0x20, 0x73, 0x74, 0x72, 0x69, 0x63, 0x74, 0x22, 0x3b, 0x0a, 0x0a, 0x2f, 0x2a,
    0x20, 0x54, 0x68, 0x65, 0x20, 0x66, 0x69, 0x72, 0x6d, 0x77, 0x61, 0x72, 0x65, 0x20, 0x41, 0x50,
    0x49, 0x20, 0x73, 0x68, 0x61, 0x70, 0x65, 0x73, 0x20, 0x28, 0x66, 0x69, 0x72, 0x6d, 0x77, 0x61,
    0x72, 0x65, 0x2f, 0x63, 0x6f, 0x6d, 0x70, 0x6f, 0x6e, 0x65, 0x6e, 0x74, 0x73, 0x2f, 0x63, 0x61,
    0x6c, 0x69, 0x5f, 0x63, 0x6f, 0x72, 0x65, 0x2f, 0x69, 0x6e, 0x63, 0x6c, 0x75, 0x64, 0x65, 0x2f,
    0x63, 0x61, 0x6c, 0x69, 0x5f, 0x77, 0x65, 0x62, 0x2e, 0x68, 0x29, 0x2e, 0x20, 0x2a, 0x2f, 0x0a,
    0x2f, 0x2a, 0x2a, 0x0a, 0x20, 0x2a, 0x20, 0x40, 0x74, 0x79, 0x70, 0x65, 0x64, 0x65, 0x66, 0x20,
    0x7b, 0x7b, 0x20, 0x6d, 0x6f, 0x64, 0x65, 0x3a, 0x20, 0x73, 0x74, 0x72, 0x69, 0x6e, 0x67, 0x2c,
    0x20, 0x73, 0x73, 0x69, 0x64, 0x3a, 0x20, 0x73, 0x74, 0x72, 0x69, 0x6e, 0x67, 0x7c, 0x6e, 0x75,
    0x6c, 0x6c, 0x2c, 0x20, 0x69, 0x70, 0x3a, 0x20, 0x73, 0x74, 0x72, 0x69, 0x6e, 0x67, 0x7c, 0x6e,
    0x75, 0x6c, 0x6c, 0x2c, 0x20, 0x72, 0x73, 0x73, 0x69, 0x3a, 0x20, 0x6e, 0x75, 0x6d, 0x62, 0x65,
    0x72, 0x7c, 0x6e, 0x75, 0x6c, 0x6c, 0x20, 0x7d, 0x7d, 0x20, 0x57, 0x69, 0x66, 0x69, 0x0a, 0x20,
    0x2a, 0x20, 0x40, 0x74, 0x79, 0x70, 0x65, 0x64, 0x65, 0x66, 0x20, 0x7b, 0x7b, 0x20, 0x73, 0x73,
    0x69, 0x64, 0x3a, 0x20, 0x73, 0x74, 0x72, 0x69, 0x6e, 0x67, 0x2c, 0x20, 0x72, 0x73, 0x73, 0x69,
    0x3a, 0x20, 0x6e, 0x75, 0x6d, 0x62, 0x65, 0x72, 0x2c, 0x20, 0x73, 0x65, 0x63, 0x75, 0x72, 0x65,
    0x3a, 0x20, 0x62, 0x6f, 0x6f, 0x6c, 0x65, 0x61, 0x6e, 0x20, 0x7d, 0x7d, 0x20, 0x41, 0x70, 0x0a,
    0x20, 0x2a, 0x20, 0x40, 0x74, 0x79, 0x70, 0x65, 0x64, 0x65, 0x66, 0x20, 0x7b, 0x57, 0x69, 0x66,
    0x69, 0x20, 0x26, 0x20, 0x7b, 0x20, 0x6c, 0x61, 0x73, 0x74, 0x5f, 0x65, 0x72, 0x72, 0x6f, 0x72,
    0x3a, 0x20, 0x73, 0x74, 0x72, 0x69, 0x6e, 0x67, 0x7c, 0x6e, 0x75, 0x6c, 0x6c, 0x2c, 0x20, 0x73,
    0x63, 0x61, 0x6e, 0x3a, 0x20, 0x41, 0x70, 0x5b, 0x5d, 0x20, 0x7d, 0x7d, 0x20, 0x57, 0x69, 0x66,
    0x69, 0x47, 0x65, 0x74, 0x0a, 0x20, 0x2a, 0x20, 0x40, 0x74, 0x79, 0x70, 0x65, 0x64, 0x65, 0x66,
    0x20, 0x7b, 0x7b, 0x20, 0x70, 0x61, 0x69, 0x72, 0x69, 0x6e, 0x67, 0x3a, 0x20, 0x7b, 0x20, 0x73,
    0x74, 0x61, 0x74, 0x65, 0x3a, 0x20, 0x73, 0x74, 0x72, 0x69, 0x6e, 0x67, 0x2c, 0x20, 0x61, 0x64,
    0x64, 0x72, 0x65, 0x73, 0x73, 0x3a, 0x20, 0x73, 0x74, 0x72, 0x69, 0x6e, 0x67, 0x7c, 0x6e, 0x75,
    0x6c, 0x6c, 0x20, 0x7d, 0x2c, 0x0a, 0x20, 0x2a, 0x20, 0x20, 0x20, 0x20, 0x20, 0x20, 0x20, 0x20,
    0x20, 0x20, 0x20, 0x20, 0x20, 0x6c, 0x69, 0x6e, 0x6b, 0x3a, 0x20, 0x7b, 0x20, 0x75, 0x70, 0x3a,
    0x20, 0x62, 0x6f, 0x6f, 0x6c, 0x65, 0x61, 0x6e, 0x2c, 0x20, 0x6c, 0x61, 0x73, 0x74, 0x5f, 0x73,
    0x6e, 0x61, 0x70, 0x5f, 0x61, 0x67, 0x65, 0x5f, 0x6d, 0x73, 0x3a, 0x20, 0x6e, 0x75, 0x6d, 0x62,
    0x65, 0x72, 0x7c, 0x6e, 0x75, 0x6c, 0x6c, 0x20, 0x7d, 0x2c, 0x0a, 0x20, 0x2a, 0x20, 0x20, 0x20,
    0x20, 0x20, 0x20, 0x20, 0x20, 0x20, 0x20, 0x20, 0x20, 0x20, 0x77, 0x69, 0x66, 0x69, 0x3a, 0x20,
    0x57, 0x69, 0x66, 0x69, 0x2c, 0x20, 0x63, 0x6f, 0x6e, 0x74, 0x72, 0x6f, 0x6c, 0x3a, 0x20, 0x7b,
    0x20, 0x77, 0x72, 0x69, 0x74, 0x65, 0x73, 0x3a, 0x20, 0x62, 0x6f, 0x6f, 0x6c, 0x65, 0x61, 0x6e,
    0x20, 0x7d, 0x2c, 0x20, 0x75, 0x70, 0x74, 0x69, 0x6d, 0x65, 0x5f, 0x6d, 0x73, 0x3a, 0x20, 0x6e,
    0x75, 0x6d, 0x62, 0x65, 0x72, 0x2c, 0x20, 0x66, 0x77, 0x3a, 0x20, 0x73, 0x74, 0x72, 0x69, 0x6e,
    0x67, 0x20, 0x7d, 0x7d, 0x20, 0x44, 0x65, 0x76, 0x69, 0x63, 0x65, 0x0a, 0x20, 0x2a, 0x20, 0x40,
    0x74, 0x79, 0x70, 0x65, 0x64, 0x65, 0x66, 0x20, 0x7b, 0x7b, 0x20, 0x74, 0x3a, 0x20, 0x6e, 0x75,
    0x6d, 0x62, 0x65, 0x72, 0x2c, 0x20, 0x66, 0x6e, 0x3a, 0x20, 0x52, 0x65, 0x63, 0x6f, 0x72, 0x64,
    0x3c, 0x73, 0x74, 0x72, 0x69, 0x6e, 0x67, 0x2c, 0x20, 0x52, 0x65, 0x63, 0x6f, 0x72, 0x64, 0x3c,
    0x73, 0x74, 0x72, 0x69, 0x6e, 0x67, 0x2c, 0x20, 0x75, 0x6e, 0x6b, 0x6e, 0x6f, 0x77, 0x6e, 0x3e,
    0x3e, 0x2c, 0x20, 0x64, 0x65, 0x76, 0x69, 0x63, 0x65, 0x3a, 0x20, 0x44, 0x65, 0x76, 0x69, 0x63,
    0x65, 0x20, 0x7d, 0x7d, 0x20, 0x53, 0x74, 0x61, 0x74, 0x65, 0x0a, 0x20, 0x2a, 0x20, 0x40, 0x74,
    0x79, 0x70, 0x65, 0x64, 0x65, 0x66, 0x20, 0x7b, 0x7b, 0x20, 0x6f, 0x6b, 0x3a, 0x20, 0x62, 0x6f,
    0x6f, 0x6c, 0x65, 0x61, 0x6e, 0x2c, 0x20, 0x65, 0x72, 0x72, 0x6f, 0x72, 0x3f, 0x3a, 0x20, 0x73,
    0x74, 0x72, 0x69, 0x6e, 0x67, 0x20, 0x7d, 0x7d, 0x20, 0x50, 0x6f, 0x73, 0x74, 0x52, 0x65, 0x73,
    0x75, 0x6c, 0x74, 0x0a, 0x20, 0x2a, 0x20, 0x40, 0x74, 0x79, 0x70, 0x65, 0x64, 0x65, 0x66, 0x20,
    0x7b, 0x7b, 0x20, 0x73, 0x73, 0x69, 0x64, 0x3a, 0x20, 0x73, 0x74, 0x72, 0x69, 0x6e, 0x67, 0x2c,
    0x20, 0x70, 0x6f, 0x6c, 0x6c, 0x73, 0x3a, 0x20, 0x6e, 0x75, 0x6d, 0x62, 0x65, 0x72, 0x2c, 0x20,
    0x6c, 0x65, 0x66, 0x74, 0x3a, 0x20, 0x62, 0x6f, 0x6f, 0x6c, 0x65, 0x61, 0x6e, 0x20, 0x7d, 0x7d,
    0x20, 0x4a, 0x6f, 0x69, 0x6e, 0x0a, 0x20, 0x2a, 0x2f, 0x0a, 0x0a, 0x63, 0x6f, 0x6e, 0x73, 0x74,
    0x20, 0x4c, 0x41, 0x4e, 0x47, 0x20, 0x3d, 0x20, 0x2f, 0x5e, 0x64, 0x65, 0x5c, 0x62, 0x2f, 0x69,
    0x2e, 0x74, 0x65, 0x73, 0x74, 0x28, 0x6e, 0x61, 0x76, 0x69, 0x67, 0x61, 0x74, 0x6f, 0x72, 0x2e,
    0x6c, 0x61, 0x6e, 0x67, 0x75, 0x61, 0x67, 0x65, 0x20, 0x7c, 0x7c, 0x20, 0x22, 0x22, 0x29, 0x20,
    0x3f, 0x20, 0x22, 0x64, 0x65, 0x22, 0x20, 0x3a, 0x20, 0x22, 0x65, 0x6e, 0x22, 0x3b, 0x0a, 0x2f,
    0x2a, 0x2a, 0x0a, 0x20, 0x2a, 0x20, 0x40, 0x70, 0x61, 0x72, 0x61, 0x6d, 0x20, 0x7b, 0x73, 0x74,
    0x72, 0x69, 0x6e, 0x67, 0x7d, 0x20, 0x6b, 0x65, 0x79, 0x20, 0x61, 0x20, 0x73, 0x74, 0x72, 0x69,
    0x6e, 0x67, 0x73, 0x2e, 0x6a, 0x73, 0x6f, 0x6e, 0x20, 0x6b, 0x65, 0x79, 0x0a, 0x20, 0x2a, 0x20,
    0x40, 0x70, 0x61, 0x72, 0x61, 0x6d, 0x20, 0x7b, 0x52, 0x65, 0x63, 0x6f, 0x72, 0x64, 0x3c, 0x73,
    0x74, 0x72, 0x69, 0x6e, 0x67, 0x2c, 0x20, 0x73, 0x74, 0x72, 0x69, 0x6e, 0x67, 0x7c, 0x6e, 0x75,
    0x6d, 0x62, 0x65, 0x72, 0x3e, 0x7d, 0x20, 0x5b, 0x76, 0x61, 0x72, 0x73, 0x5d, 0x20, 0x22, 0x7b,
    0x6e, 0x61, 0x6d, 0x65, 0x7d, 0x22, 0x20, 0x73, 0x75, 0x62, 0x73, 0x74, 0x69, 0x74, 0x75, 0x74,
    0x69, 0x6f, 0x6e, 0x73, 0x0a, 0x20, 0x2a, 0x20, 0x40, 0x72, 0x65, 0x74, 0x75, 0x72, 0x6e, 0x73,
    0x20, 0x7b, 0x73, 0x74, 0x72, 0x69, 0x6e, 0x67, 0x7d, 0x0a, 0x20, 0x2a, 0x2f, 0x0a, 0x66, 0x75,
    0x6e, 0x63, 0x74, 0x69, 0x6f, 0x6e, 0x20, 0x74, 0x28, 0x6b, 0x65, 0x79, 0x2c, 0x20, 0x76, 0x61,
    0x72, 0x73, 0x29, 0x20, 0x7b, 0x0a, 0x20, 0x20, 0x6c, 0x65, 0x74, 0x20, 0x73, 0x20, 0x3d, 0x20,
    0x53, 0x54, 0x52, 0x5b, 0x6b, 0x65, 0x79, 0x5d, 0x20, 0x3f, 0x20, 0x53, 0x54, 0x52, 0x5b, 0x6b,
    0x65, 0x79, 0x5d, 0x5b, 0x4c, 0x41, 0x4e, 0x47, 0x5d, 0x20, 0x3a, 0x20, 0x6b, 0x65, 0x79, 0x3b,
    0x0a, 0x20, 0x20, 0x66, 0x6f, 0x72, 0x20, 0x28, 0x63, 0x6f, 0x6e, 0x73, 0x74, 0x20, 0x6b, 0x20,
    0x69, 0x6e, 0x20, 0x76, 0x61, 0x72, 0x73, 0x20, 0x7c, 0x7c, 0x20, 0x7b, 0x7d, 0x29, 0x20, 0x73,
    0x20, 0x3d, 0x20, 0x73, 0x2e, 0x73, 0x70, 0x6c, 0x69, 0x74, 0x28, 0x22, 0x7b, 0x22, 0x20, 0x2b,
    0x20, 0x6b, 0x20, 0x2b, 0x20, 0x22, 0x7d, 0x22, 0x29, 0x2e, 0x6a, 0x6f, 0x69, 0x6e, 0x28, 0x53,
    0x74, 0x72, 0x69, 0x6e, 0x67, 0x28, 0x28, 0x76, 0x61, 0x72, 0x73, 0x20, 0x7c, 0x7c, 0x20, 0x7b,
    0x7d, 0x29, 0x5b, 0x6b, 0x5d, 0x29, 0x29, 0x3b, 0x0a, 0x20, 0x20, 0x72, 0x65, 0x74, 0x75, 0x72,
    0x6e, 0x20, 0x73, 0x3b, 0x0a, 0x7d, 0x0a, 0x2f, 0x2a, 0x20, 0x74, 0x68, 0x65, 0x20, 0x75, 0x6e,
    0x69, 0x74, 0x27, 0x73, 0x20, 0x6f, 0x77, 0x6e, 0x20, 0x66, 0x75, 0x6e, 0x63, 0x74, 0x69, 0x6f,
    0x6e, 0x20, 0x74, 0x69, 0x74, 0x6c, 0x65, 0x73, 0x20, 0x28, 0x63, 0x61, 0x6c, 0x69, 0x63, 0x74,
    0x6c, 0x20, 0x77, 0x65, 0x62, 0x20, 0x55, 0x49, 0x20, 0x76, 0x6f, 0x63, 0x61, 0x62, 0x75, 0x6c,
    0x61, 0x72, 0x79, 0x29, 0x3b, 0x20, 0x6f, 0x74, 0x68, 0x65, 0x72, 0x20, 0x66, 0x75, 0x6e, 0x63,
    0x74, 0x69, 0x6f, 0x6e, 0x73, 0x20, 0x73, 0x68, 0x6f, 0x77, 0x20, 0x74, 0x68, 0x65, 0x69, 0x72,
    0x20, 0x72, 0x61, 0x77, 0x20, 0x6e, 0x61, 0x6d, 0x65, 0x20, 0x2a, 0x2f, 0x0a, 0x2f, 0x2a, 0x2a,
    0x20, 0x40, 0x74, 0x79, 0x70, 0x65, 0x20, 0x7b, 0x52, 0x65, 0x63, 0x6f, 0x72, 0x64, 0x3c, 0x73,
    0x74, 0x72, 0x69, 0x6e, 0x67, 0x2c, 0x20, 0x73, 0x74, 0x72, 0x69, 0x6e, 0x67, 0x3e, 0x7d, 0x20,
    0x2a, 0x2f, 0x0a, 0x63, 0x6f, 0x6e, 0x73, 0x74, 0x20, 0x46, 0x4e, 0x20, 0x3d, 0x20, 0x7b, 0x76,
    0x65, 0x68, 0x69, 0x63, 0x6c, 0x65, 0x3a, 0x20, 0x22, 0x66, 0x6e, 0x5f, 0x76, 0x65, 0x68, 0x69,
    0x63, 0x6c, 0x65, 0x22, 0x2c, 0x20, 0x63, 0x6f, 0x6f, 0x6c, 0x65, 0x72, 0x3a, 0x20, 0x22, 0x66,
    0x6e, 0x5f, 0x63, 0x6f, 0x6f, 0x6c, 0x65, 0x72, 0x22, 0x2c, 0x20, 0x63, 0x61, 0x6d, 0x70, 0x69,
    0x6e, 0x67, 0x6d, 0x6f, 0x64, 0x65, 0x3a, 0x20, 0x22, 0x66, 0x6e, 0x5f, 0x63, 0x61, 0x6d, 0x70,
    0x69, 0x6e, 0x67, 0x6d, 0x6f, 0x64, 0x65, 0x22, 0x2c, 0x20, 0x6c, 0x69, 0x67, 0x68, 0x74, 0x69,
    0x6e, 0x67, 0x3a, 0x20, 0x22, 0x66, 0x6e, 0x5f, 0x6c, 0x69, 0x67, 0x68, 0x74, 0x69, 0x6e, 0x67,
    0x22, 0x2c, 0x0a, 0x20, 0x20, 0x20, 0x20, 0x20, 0x20, 0x20, 0x20, 0x20, 0x20, 0x20, 0x20, 0x61,
    0x69, 0x72, 0x68, 0x65, 0x61, 0x74, 0x65, 0x72, 0x3a, 0x20, 0x22, 0x66, 0x6e, 0x5f, 0x61, 0x69,
    0x72, 0x68, 0x65, 0x61, 0x74, 0x65, 0x72, 0x22, 0x2c, 0x20, 0x77, 0x61, 0x74, 0x65, 0x72, 0x3a,
    0x20, 0x22, 0x66, 0x6e, 0x5f, 0x77, 0x61, 0x74, 0x65, 0x72, 0x22, 0x2c, 0x20, 0x65, 0x6e, 0x65,
    0x72, 0x67, 0x79, 0x3a, 0x20, 0x22, 0x66, 0x6e, 0x5f, 0x65, 0x6e, 0x65, 0x72, 0x67, 0x79, 0x22,
    0x2c, 0x20, 0x72, 0x6f, 0x6f, 0x66, 0x3a, 0x20, 0x22, 0x66, 0x6e, 0x5f, 0x72, 0x6f, 0x6f, 0x66,
    0x22, 0x7d, 0x3b, 0x0a, 0x2f, 0x2a, 0x2a, 0x20, 0x40, 0x74, 0x79, 0x70, 0x65, 0x20, 0x7b, 0x52,
    0x65, 0x63, 0x6f, 0x72, 0x64, 0x3c, 0x73, 0x74, 0x72, 0x69, 0x6e, 0x67, 0x2c, 0x20, 0x73, 0x74,
    0x72, 0x69, 0x6e, 0x67, 0x3e, 0x7d, 0x20, 0x2a, 0x2f, 0x0a, 0x63, 0x6f, 0x6e, 0x73, 0x74, 0x20,
    0x4d, 0x4f, 0x44, 0x45, 0x20, 0x3d, 0x20, 0x7b, 0x73, 0x65, 0x74, 0x75, 0x70, 0x3a, 0x20, 0x22,
    0x6d, 0x6f, 0x64, 0x65, 0x5f, 0x73, 0x65, 0x74, 0x75, 0x70, 0x22, 0x2c, 0x20, 0x73, 0x74, 0x61,
    0x74, 0x69, 0x6f, 0x6e, 0x3a, 0x20, 0x22, 0x6d, 0x6f, 0x64, 0x65, 0x5f, 0x73, 0x74, 0x61, 0x74,
    0x69, 0x6f, 0x6e, 0x22, 0x2c, 0x20, 0x6f, 0x66, 0x66, 0x3a, 0x20, 0x22, 0x6d, 0x6f, 0x64, 0x65,
    0x5f, 0x6f, 0x66, 0x66, 0x22, 0x7d, 0x3b, 0x0a, 0x2f, 0x2a, 0x20, 0x2f, 0x61, 0x70, 0x69, 0x2f,
    0x77, 0x69, 0x66, 0x69, 0x20, 0x6c, 0x61, 0x73, 0x74, 0x5f, 0x65, 0x72, 0x72, 0x6f, 0x72, 0x20,
    0x2d, 0x3e, 0x20, 0x74, 0x68, 0x65, 0x20, 0x74, 0x65, 0x78, 0x74, 0x20, 0x74, 0x68, 0x61, 0x74,
    0x20, 0x73, 0x61, 0x79, 0x73, 0x20, 0x77, 0x68, 0x79, 0x20, 0x61, 0x20, 0x6a, 0x6f, 0x69, 0x6e,
    0x20, 0x66, 0x61, 0x69, 0x6c, 0x65, 0x64, 0x20, 0x2a, 0x2f, 0x0a, 0x2f, 0x2a, 0x2a, 0x20, 0x40,
    0x74, 0x79, 0x70, 0x65, 0x20, 0x7b, 0x52, 0x65, 0x63, 0x6f, 0x72, 0x64, 0x3c, 0x73, 0x74, 0x72,
    0x69, 0x6e, 0x67, 0x2c, 0x20, 0x73, 0x74, 0x72, 0x69, 0x6e, 0x67, 0x3e, 0x7d, 0x20, 0x2a, 0x2f,
    0x0a, 0x63, 0x6f, 0x6e, 0x73, 0x74, 0x20, 0x4a, 0x4f, 0x49, 0x4e, 0x5f, 0x46, 0x41, 0x49, 0x4c,
    0x45, 0x44, 0x20, 0x3d, 0x20, 0x7b, 0x6e, 0x6f, 0x74, 0x5f, 0x66, 0x6f, 0x75, 0x6e, 0x64, 0x3a,
    0x20, 0x22, 0x6a, 0x6f, 0x69, 0x6e, 0x5f, 0x66, 0x61, 0x69, 0x6c, 0x65, 0x64, 0x5f, 0x6e, 0x6f,
    0x74, 0x5f, 0x66, 0x6f, 0x75, 0x6e, 0x64, 0x22, 0x2c, 0x20, 0x61, 0x75, 0x74, 0x68, 0x3a, 0x20,
    0x22, 0x6a, 0x6f, 0x69, 0x6e, 0x5f, 0x66, 0x61, 0x69, 0x6c, 0x65, 0x64, 0x5f, 0x61, 0x75, 0x74,
    0x68, 0x22, 0x2c, 0x20, 0x6f, 0x74, 0x68, 0x65, 0x72, 0x3a, 0x20, 0x22, 0x6a, 0x6f, 0x69, 0x6e,
    0x5f, 0x66, 0x61, 0x69, 0x6c, 0x65, 0x64, 0x5f, 0x6f, 0x74, 0x68, 0x65, 0x72, 0x22, 0x7d, 0x3b,
    0x0a, 0x2f, 0x2a, 0x2a, 0x20, 0x40, 0x74, 0x79, 0x70, 0x65, 0x20, 0x7b, 0x52, 0x65, 0x63, 0x6f,
    0x72, 0x64, 0x3c, 0x73, 0x74, 0x72, 0x69, 0x6e, 0x67, 0x2c, 0x20, 0x73, 0x74, 0x72, 0x69, 0x6e,
    0x67, 0x3e, 0x7d, 0x20, 0x2a, 0x2f, 0x0a, 0x63, 0x6f, 0x6e, 0x73, 0x74, 0x20, 0x50, 0x4f, 0x53,
    0x54, 0x5f, 0x45, 0x52, 0x52, 0x4f, 0x52, 0x20, 0x3d, 0x20, 0x7b, 0x73, 0x73, 0x69, 0x64, 0x3a,
    0x20, 0x22, 0x65, 0x72, 0x72, 0x5f, 0x73, 0x73, 0x69, 0x64, 0x22, 0x2c, 0x20, 0x70, 0x73, 0x6b,
    0x3a, 0x20, 0x22, 0x65, 0x72, 0x72, 0x5f, 0x70, 0x73, 0x6b, 0x22, 0x2c, 0x20, 0x73, 0x74, 0x6f,
    0x72, 0x65, 0x3a, 0x20, 0x22, 0x65, 0x72, 0x72, 0x5f, 0x73, 0x74, 0x6f, 0x72, 0x65, 0x22, 0x7d,
    0x3b, 0x0a, 0x0a, 0x2f, 0x2a, 0x2a, 0x0a, 0x20, 0x2a, 0x20, 0x40, 0x70, 0x61, 0x72, 0x61, 0x6d,
    0x20, 0x7b, 0x73, 0x74, 0x72, 0x69, 0x6e, 0x67, 0x7d, 0x20, 0x69, 0x64, 0x0a, 0x20, 0x2a, 0x20,
    0x40, 0x72, 0x65, 0x74, 0x75, 0x72, 0x6e, 0x73, 0x20, 0x7b, 0x48, 0x54, 0x4d, 0x4c, 0x45, 0x6c,
    0x65, 0x6d, 0x65, 0x6e, 0x74, 0x7d, 0x20, 0x74, 0x68, 0x65, 0x20, 0x65, 0x6c, 0x65, 0x6d, 0x65,
    0x6e, 0x74, 0x20, 0x28, 0x69, 0x6e, 0x64, 0x65, 0x78, 0x2e, 0x68, 0x74, 0x6d, 0x6c, 0x20, 0x68,
    0x61, 0x73, 0x20, 0x65, 0x76, 0x65, 0x72, 0x79, 0x20, 0x69, 0x64, 0x20, 0x74, 0x68, 0x69, 0x73,
    0x20, 0x73, 0x63, 0x72, 0x69, 0x70, 0x74, 0x20, 0x75, 0x73, 0x65, 0x73, 0x29, 0x0a, 0x20, 0x2a,
    0x2f, 0x0a, 0x66, 0x75, 0x6e, 0x63, 0x74, 0x69, 0x6f, 0x6e, 0x20, 0x24, 0x28, 0x69, 0x64, 0x29,
    0x20, 0x7b, 0x0a, 0x20, 0x20, 0x63, 0x6f, 0x6e, 0x73, 0x74, 0x20, 0x65, 0x20, 0x3d, 0x20, 0x64,
    0x6f, 0x63, 0x75, 0x6d, 0x65, 0x6e, 0x74, 0x2e, 0x67, 0x65, 0x74, 0x45, 0x6c, 0x65, 0x6d, 0x65,
    0x6e, 0x74, 0x42, 0x79, 0x49, 0x64, 0x28, 0x69, 0x64, 0x29, 0x3b, 0x0a, 0x20, 0x20, 0x69, 0x66,
    0x20, 0x28, 0x21, 0x65, 0x29, 0x20, 0x74, 0x68, 0x72, 0x6f, 0x77, 0x20, 0x6e, 0x65, 0x77, 0x20,
    0x45, 0x72, 0x72, 0x6f, 0x72, 0x28, 0x22, 0x6d, 0x69, 0x73, 0x73, 0x69, 0x6e, 0x67, 0x20, 0x23,
    0x22, 0x20, 0x2b, 0x20, 0x69, 0x64, 0x29, 0x3b, 0x0a, 0x20, 0x20, 0x72, 0x65, 0x74, 0x75, 0x72,
    0x6e, 0x20, 0x65, 0x3b, 0x0a, 0x7d, 0x0a, 0x2f, 0x2a, 0x2a, 0x20, 0x40, 0x70, 0x61, 0x72, 0x61,
    0x6d, 0x20, 0x7b, 0x73, 0x74, 0x72, 0x69, 0x6e, 0x67, 0x7d, 0x20, 0x69, 0x64, 0x20, 0x40, 0x72,
    0x65, 0x74, 0x75, 0x72, 0x6e, 0x73, 0x20, 0x7b, 0x48, 0x54, 0x4d, 0x4c, 0x49, 0x6e, 0x70, 0x75,
    0x74, 0x45, 0x6c, 0x65, 0x6d, 0x65, 0x6e, 0x74, 0x7d, 0x20, 0x2a, 0x2f, 0x0a, 0x63, 0x6f, 0x6e,
    0x73, 0x74, 0x20, 0x69, 0x6e, 0x70, 0x75, 0x74, 0x20, 0x3d, 0x20, 0x28, 0x69, 0x64, 0x29, 0x20,
    0x3d, 0x3e, 0x20, 0x2f, 0x2a, 0x2a, 0x20, 0x40, 0x74, 0x79, 0x70, 0x65, 0x20, 0x7b, 0x48, 0x54,
    0x4d, 0x4c, 0x49, 0x6e, 0x70, 0x75, 0x74, 0x45, 0x6c, 0x65, 0x6d, 0x65, 0x6e, 0x74, 0x7d, 0x20,
    0x2a, 0x2f, 0x20, 0x28, 0x24, 0x28, 0x69, 0x64, 0x29, 0x29, 0x3b, 0x0a, 0x2f, 0x2a, 0x2a, 0x20,
    0x40, 0x70, 0x61, 0x72, 0x61, 0x6d, 0x20, 0x7b, 0x73, 0x74, 0x72, 0x69, 0x6e, 0x67, 0x7d, 0x20,
    0x69, 0x64, 0x20, 0x40, 0x72, 0x65, 0x74, 0x75, 0x72, 0x6e, 0x73, 0x20, 0x7b, 0x48, 0x54, 0x4d,
    0x4c, 0x53, 0x65, 0x6c, 0x65, 0x63, 0x74, 0x45, 0x6c, 0x65, 0x6d, 0x65, 0x6e, 0x74, 0x7d, 0x20,
    0x2a, 0x2f, 0x0a, 0x63, 0x6f, 0x6e, 0x73, 0x74, 0x20, 0x73, 0x65, 0x6c, 0x65, 0x63, 0x74, 0x20,
    0x3d, 0x20, 0x28, 0x69, 0x64, 0x29, 0x20, 0x3d, 0x3e, 0x20, 0x2f, 0x2a, 0x2a, 0x20, 0x40, 0x74,
    0x79, 0x70, 0x65, 0x20, 0x7b, 0x48, 0x54, 0x4d, 0x4c, 0x53, 0x65, 0x6c, 0x65, 0x63, 0x74, 0x45,
    0x6c, 0x65, 0x6d, 0x65, 0x6e, 0x74, 0x7d, 0x20, 0x2a, 0x2f, 0x20, 0x28, 0x24, 0x28, 0x69, 0x64,
    0x29, 0x29, 0x3b, 0x0a, 0x2f, 0x2a, 0x2a, 0x0a, 0x20, 0x2a, 0x20, 0x40, 0x74, 0x65, 0x6d, 0x70,
    0x6c, 0x61, 0x74, 0x65, 0x20, 0x7b, 0x6b, 0x65, 0x79, 0x6f, 0x66, 0x20, 0x48, 0x54, 0x4d, 0x4c,
    0x45, 0x6c, 0x65, 0x6d, 0x65, 0x6e, 0x74, 0x54, 0x61, 0x67, 0x4e, 0x61, 0x6d, 0x65, 0x4d, 0x61,
    0x70, 0x7d, 0x20, 0x4b, 0x0a, 0x20, 0x2a, 0x20, 0x40, 0x70, 0x61, 0x72, 0x61, 0x6d, 0x20, 0x7b,
    0x4b, 0x7d, 0x20, 0x74, 0x61, 0x67, 0x0a, 0x20, 0x2a, 0x20, 0x40, 0x70, 0x61, 0x72, 0x61, 0x6d,
    0x20, 0x7b, 0x73, 0x74, 0x72, 0x69, 0x6e, 0x67, 0x7d, 0x20, 0x5b, 0x74, 0x65, 0x78, 0x74, 0x5d,
    0x0a, 0x20, 0x2a, 0x20, 0x40, 0x70, 0x61, 0x72, 0x61, 0x6d, 0x20, 0x7b, 0x73, 0x74, 0x72, 0x69,
    0x6e, 0x67, 0x7d, 0x20, 0x5b, 0x63, 0x6c, 0x73, 0x5d, 0x0a, 0x20, 0x2a, 0x20, 0x40, 0x72, 0x65,
    0x74, 0x75, 0x72, 0x6e, 0x73, 0x20, 0x7b, 0x48, 0x54, 0x4d, 0x4c, 0x45, 0x6c, 0x65, 0x6d, 0x65,
    0x6e, 0x74, 0x54, 0x61, 0x67, 0x4e, 0x61, 0x6d, 0x65, 0x4d, 0x61, 0x70, 0x5b, 0x4b, 0x5d, 0x7d,
    0x0a, 0x20, 0x2a, 0x2f, 0x0a, 0x66, 0x75, 0x6e, 0x63, 0x74, 0x69, 0x6f, 0x6e, 0x20, 0x65, 0x6c,
    0x28, 0x74, 0x61, 0x67, 0x2c, 0x20, 0x74, 0x65, 0x78, 0x74, 0x2c, 0x20, 0x63, 0x6c, 0x73, 0x29,
    0x20, 0x7b, 0x0a, 0x20, 0x20, 0x63, 0x6f, 0x6e, 0x73, 0x74, 0x20, 0x65, 0x20, 0x3d, 0x20, 0x64,
    0x6f, 0x63, 0x75, 0x6d, 0x65, 0x6e, 0x74, 0x2e, 0x63, 0x72, 0x65, 0x61, 0x74, 0x65, 0x45, 0x6c,
    0x65, 0x6d, 0x65, 0x6e, 0x74, 0x28, 0x74, 0x61, 0x67, 0x29, 0x3b, 0x0a, 0x20, 0x20, 0x69, 0x66,
    0x20, 0x28, 0x74, 0x65, 0x78, 0x74, 0x20, 0x21, 0x3d, 0x3d, 0x20, 0x75, 0x6e, 0x64, 0x65, 0x66,
    0x69, 0x6e, 0x65, 0x64, 0x29, 0x20, 0x65, 0x2e, 0x74, 0x65, 0x78, 0x74, 0x43, 0x6f, 0x6e, 0x74,
    0x65, 0x6e, 0x74, 0x20, 0x3d, 0x20, 0x74, 0x65, 0x78, 0x74, 0x3b, 0x0a, 0x20, 0x20, 0x69, 0x66,
    0x20, 0x28, 0x63, 0x6c, 0x73, 0x29, 0x20, 0x65, 0x2e, 0x63, 0x6c, 0x61, 0x73, 0x73, 0x4e, 0x61,
    0x6d, 0x65, 0x20, 0x3d, 0x20, 0x63, 0x6c, 0x73, 0x3b, 0x0a, 0x20, 0x20, 0x72, 0x65, 0x74, 0x75,
    0x72, 0x6e, 0x20, 0x65, 0x3b, 0x0a, 0x7d, 0x0a, 0x2f, 0x2a, 0x2a, 0x20, 0x40, 0x70, 0x61, 0x72,
    0x61, 0x6d, 0x20, 0x7b, 0x5b, 0x73, 0x74, 0x72, 0x69, 0x6e, 0x67, 0x2c, 0x20, 0x73, 0x74, 0x72,
    0x69, 0x6e, 0x67, 0x5d, 0x5b, 0x5d, 0x7d, 0x20, 0x72, 0x6f, 0x77, 0x73, 0x20, 0x40, 0x72, 0x65,
    0x74, 0x75, 0x72, 0x6e, 0x73, 0x20, 0x7b, 0x48, 0x54, 0x4d, 0x4c, 0x44, 0x4c, 0x69, 0x73, 0x74,
    0x45, 0x6c, 0x65, 0x6d, 0x65, 0x6e, 0x74, 0x7d, 0x20, 0x2a, 0x2f, 0x0a, 0x66, 0x75, 0x6e, 0x63,
    0x74, 0x69, 0x6f, 0x6e, 0x20, 0x6c, 0x69, 0x73, 0x74, 0x28, 0x72, 0x6f, 0x77, 0x73, 0x29, 0x20,
    0x7b, 0x0a, 0x20, 0x20, 0x63, 0x6f, 0x6e, 0x73, 0x74, 0x20, 0x64, 0x6c, 0x20, 0x3d, 0x20, 0x65,
    0x6c, 0x28, 0x22, 0x64, 0x6c, 0x22, 0x29, 0x3b, 0x0a, 0x20, 0x20, 0x66, 0x6f, 0x72, 0x20, 0x28,
    0x63, 0x6f, 0x6e, 0x73, 0x74, 0x20, 0x5b, 0x6b, 0x2c, 0x20, 0x76, 0x5d, 0x20, 0x6f, 0x66, 0x20,
    0x72, 0x6f, 0x77, 0x73, 0x29, 0x20, 0x7b, 0x20, 0x64, 0x6c, 0x2e, 0x61, 0x70, 0x70, 0x65, 0x6e,
    0x64, 0x43, 0x68, 0x69, 0x6c, 0x64, 0x28, 0x65, 0x6c, 0x28, 0x22, 0x64, 0x74, 0x22, 0x2c, 0x20,
    0x6b, 0x29, 0x29, 0x3b, 0x20, 0x64, 0x6c, 0x2e, 0x61, 0x70, 0x70, 0x65, 0x6e, 0x64, 0x43, 0x68,
    0x69, 0x6c, 0x64, 0x28, 0x65, 0x6c, 0x28, 0x22, 0x64, 0x64, 0x22, 0x2c, 0x20, 0x76, 0x29, 0x29,
    0x3b, 0x20, 0x7d, 0x0a, 0x20, 0x20, 0x72, 0x65, 0x74, 0x75, 0x72, 0x6e, 0x20, 0x64, 0x6c, 0x3b,
    0x0a, 0x7d, 0x0a, 0x2f, 0x2a, 0x2a, 0x0a, 0x20, 0x2a, 0x20, 0x40, 0x74, 0x65, 0x6d, 0x70, 0x6c,
    0x61, 0x74, 0x65, 0x20, 0x54, 0x0a, 0x20, 0x2a, 0x20, 0x40, 0x70, 0x61, 0x72, 0x61, 0x6d, 0x20,
    0x7b, 0x73, 0x74, 0x72, 0x69, 0x6e, 0x67, 0x7d, 0x20, 0x75, 0x72, 0x6c, 0x0a, 0x20, 0x2a, 0x20,
    0x40, 0x70, 0x61, 0x72, 0x61, 0x6d, 0x20, 0x7b, 0x52, 0x65, 0x71, 0x75, 0x65, 0x73, 0x74, 0x49,
    0x6e, 0x69, 0x74, 0x7d, 0x20, 0x5b, 0x6f, 0x70, 0x74, 0x73, 0x5d, 0x0a, 0x20, 0x2a, 0x20, 0x40,
    0x72, 0x65, 0x74, 0x75, 0x72, 0x6e, 0x73, 0x20, 0x7b, 0x50, 0x72, 0x6f, 0x6d, 0x69, 0x73, 0x65,
    0x3c, 0x7b, 0x73, 0x74, 0x61, 0x74, 0x75, 0x73, 0x3a, 0x20, 0x6e, 0x75, 0x6d, 0x62, 0x65, 0x72,
    0x2c, 0x20, 0x62, 0x6f, 0x64, 0x79, 0x3a, 0x20, 0x54, 0x7d, 0x3e, 0x7d, 0x0a, 0x20, 0x2a, 0x2f,
    0x0a, 0x61, 0x73, 0x79, 0x6e, 0x63, 0x20, 0x66, 0x75, 0x6e, 0x63, 0x74, 0x69, 0x6f, 0x6e, 0x20,
    0x66, 0x65, 0x74, 0x63, 0x68, 0x4a, 0x73, 0x6f, 0x6e, 0x28, 0x75, 0x72, 0x6c, 0x2c, 0x20, 0x6f,
    0x70, 0x74, 0x73, 0x29, 0x20, 0x7b, 0x0a, 0x20, 0x20, 0x63, 0x6f, 0x6e, 0x73, 0x74, 0x20, 0x72,
    0x20, 0x3d, 0x20, 0x61, 0x77, 0x61, 0x69, 0x74, 0x20, 0x66, 0x65, 0x74, 0x63, 0x68, 0x28, 0x75,
    0x72, 0x6c, 0x2c, 0x20, 0x4f, 0x62, 0x6a, 0x65, 0x63, 0x74, 0x2e, 0x61, 0x73, 0x73, 0x69, 0x67,
    0x6e, 0x28, 0x7b, 0x63, 0x61, 0x63, 0x68, 0x65, 0x3a, 0x20, 0x22, 0x6e, 0x6f, 0x2d, 0x73, 0x74,
    0x6f, 0x72, 0x65, 0x22, 0x7d, 0x2c, 0x20, 0x6f, 0x70, 0x74, 0x73, 0x29, 0x29, 0x3b, 0x0a, 0x20,
    0x20, 0x72, 0x65, 0x74, 0x75, 0x72, 0x6e, 0x20, 0x7b, 0x73, 0x74, 0x61, 0x74, 0x75, 0x73, 0x3a,
    0x20, 0x72, 0x2e, 0x73, 0x74, 0x61, 0x74, 0x75, 0x73, 0x2c, 0x20, 0x62, 0x6f, 0x64, 0x79, 0x3a,
    0x20, 0x61, 0x77, 0x61, 0x69, 0x74, 0x20, 0x72, 0x2e, 0x6a, 0x73, 0x6f, 0x6e, 0x28, 0x29, 0x7d,
    0x3b, 0x0a, 0x7d, 0x0a, 0x2f, 0x2a, 0x2a, 0x20, 0x40, 0x72, 0x65, 0x74, 0x75, 0x72, 0x6e, 0x73,
    0x20, 0x7b, 0x50, 0x72, 0x6f, 0x6d, 0x69, 0x73, 0x65, 0x3c, 0x57, 0x69, 0x66, 0x69, 0x47, 0x65,
    0x74, 0x3e, 0x7d, 0x20, 0x2a, 0x2f, 0x0a, 0x61, 0x73, 0x79, 0x6e, 0x63, 0x20, 0x66, 0x75, 0x6e,
    0x63, 0x74, 0x69, 0x6f, 0x6e, 0x20, 0x67, 0x65, 0x74, 0x57, 0x69, 0x66, 0x69, 0x28, 0x29, 0x20,
    0x7b, 0x0a, 0x20, 0x20, 0x72, 0x65, 0x74, 0x75, 0x72, 0x6e, 0x20, 0x28, 0x2f, 0x2a, 0x2a, 0x20,
    0x40, 0x74, 0x79, 0x70, 0x65, 0x20, 0x7b, 0x7b, 0x62, 0x6f, 0x64, 0x79, 0x3a, 0x20, 0x57, 0x69,
    0x66, 0x69, 0x47, 0x65, 0x74, 0x7d, 0x7d, 0x20, 0x2a, 0x2f, 0x20, 0x28, 0x61, 0x77, 0x61, 0x69,
    0x74, 0x20, 0x66, 0x65, 0x74, 0x63, 0x68, 0x4a, 0x73, 0x6f, 0x6e, 0x28, 0x22, 0x2f, 0x61, 0x70,
    0x69, 0x2f, 0x77, 0x69, 0x66, 0x69, 0x22, 0x29, 0x29, 0x29, 0x2e, 0x62, 0x6f, 0x64, 0x79, 0x3b,
    0x0a, 0x7d, 0x0a, 0x0a, 0x24, 0x28, 0x22, 0x74, 0x69, 0x74, 0x6c, 0x65, 0x22, 0x29, 0x2e, 0x74,
    0x65, 0x78, 0x74, 0x43, 0x6f, 0x6e, 0x74, 0x65, 0x6e, 0x74, 0x20, 0x3d, 0x20, 0x74, 0x28, 0x22,
    0x74, 0x69, 0x74, 0x6c, 0x65, 0x22, 0x29, 0x3b, 0x0a, 0x24, 0x28, 0x22, 0x73, 0x65, 0x74, 0x75,
    0x70, 0x2d, 0x74, 0x69, 0x74, 0x6c, 0x65, 0x22, 0x29, 0x2e, 0x74, 0x65, 0x78, 0x74, 0x43, 0x6f,
    0x6e, 0x74, 0x65, 0x6e, 0x74, 0x20, 0x3d, 0x20, 0x74, 0x28, 0x22, 0x73, 0x65, 0x74, 0x75, 0x70,
    0x5f, 0x74, 0x69, 0x74, 0x6c, 0x65, 0x22, 0x29, 0x3b, 0x0a, 0x24, 0x28, 0x22, 0x73, 0x65, 0x74,
    0x75, 0x70, 0x2d, 0x68, 0x69, 0x6e, 0x74, 0x22, 0x29, 0x2e, 0x74, 0x65, 0x78, 0x74, 0x43, 0x6f,
    0x6e, 0x74, 0x65, 0x6e, 0x74, 0x20, 0x3d, 0x20, 0x74, 0x28, 0x22, 0x73, 0x65, 0x74, 0x75, 0x70,
    0x5f, 0x68, 0x69, 0x6e, 0x74, 0x22, 0x29, 0x3b, 0x0a, 0x24, 0x28, 0x22, 0x73, 0x73, 0x69, 0x64,
    0x2d, 0x6c, 0x61, 0x62, 0x65, 0x6c, 0x22, 0x29, 0x2e, 0x74, 0x65, 0x78, 0x74, 0x43, 0x6f, 0x6e,
    0x74, 0x65, 0x6e, 0x74, 0x20, 0x3d, 0x20, 0x74, 0x28, 0x22, 0x6e, 0x65, 0x74, 0x77, 0x6f, 0x72,
    0x6b, 0x22, 0x29, 0x3b, 0x0a, 0x24, 0x28, 0x22, 0x70, 0x73, 0x6b, 0x2d, 0x6c, 0x61, 0x62, 0x65,
    0x6c, 0x22, 0x29, 0x2e, 0x74, 0x65, 0x78, 0x74, 0x43, 0x6f, 0x6e, 0x74, 0x65, 0x6e, 0x74, 0x20,
    0x3d, 0x20, 0x74, 0x28, 0x22, 0x70, 0x61, 0x73, 0x73, 0x77, 0x6f, 0x72, 0x64, 0x22, 0x29, 0x3b,
    0x0a, 0x24, 0x28, 0x22, 0x63, 0x6f, 0x6e, 0x6e, 0x65, 0x63, 0x74, 0x22, 0x29, 0x2e, 0x74, 0x65,
    0x78, 0x74, 0x43, 0x6f, 0x6e, 0x74, 0x65, 0x6e, 0x74, 0x20, 0x3d, 0x20, 0x74, 0x28, 0x22, 0x63,
    0x6f, 0x6e, 0x6e, 0x65, 0x63, 0x74, 0x22, 0x29, 0x3b, 0x0a, 0x24, 0x28, 0x22, 0x72, 0x65, 0x73,
    0x63, 0x61, 0x6e, 0x22, 0x29, 0x2e, 0x74, 0x65, 0x78, 0x74, 0x43, 0x6f, 0x6e, 0x74, 0x65, 0x6e,
    0x74, 0x20, 0x3d, 0x20, 0x74, 0x28, 0x22, 0x72, 0x65, 0x73, 0x63, 0x61, 0x6e, 0x22, 0x29, 0x3b,
    0x0a, 0x24, 0x28, 0x22, 0x66, 0x75, 0x6e, 0x63, 0x74, 0x69, 0x6f, 0x6e, 0x73, 0x2d, 0x74, 0x69,
    0x74, 0x6c, 0x65, 0x22, 0x29, 0x2e, 0x74, 0x65, 0x78, 0x74, 0x43, 0x6f, 0x6e, 0x74, 0x65, 0x6e,
    0x74, 0x20, 0x3d, 0x20, 0x74, 0x28, 0x22, 0x66, 0x75, 0x6e, 0x63, 0x74, 0x69, 0x6f, 0x6e, 0x73,
    0x22, 0x29, 0x3b, 0x0a, 0x64, 0x6f, 0x63, 0x75, 0x6d, 0x65, 0x6e, 0x74, 0x2e, 0x64, 0x6f, 0x63,
    0x75, 0x6d, 0x65, 0x6e, 0x74, 0x45, 0x6c, 0x65, 0x6d, 0x65, 0x6e, 0x74, 0x2e, 0x6c, 0x61, 0x6e,
    0x67, 0x20, 0x3d, 0x20, 0x4c, 0x41, 0x4e, 0x47, 0x3b, 0x0a, 0x0a, 0x2f, 0x2a, 0x2a, 0x20, 0x40,
    0x74, 0x79, 0x70, 0x65, 0x20, 0x7b, 0x4a, 0x6f, 0x69, 0x6e, 0x7c, 0x6e, 0x75, 0x6c, 0x6c, 0x7d,
    0x20, 0x61, 0x20, 0x73, 0x75, 0x62, 0x6d, 0x69, 0x74, 0x74, 0x65, 0x64, 0x20, 0x6a, 0x6f, 0x69,
    0x6e, 0x20, 0x62, 0x65, 0x69, 0x6e, 0x67, 0x20, 0x77, 0x61, 0x74, 0x63, 0x68, 0x65, 0x64, 0x20,
    0x2a, 0x2f, 0x0a, 0x6c, 0x65, 0x74, 0x20, 0x6a, 0x6f, 0x69, 0x6e, 0x69, 0x6e, 0x67, 0x20, 0x3d,
    0x20, 0x6e, 0x75, 0x6c, 0x6c, 0x3b, 0x0a, 0x0a, 0x2f, 0x2a, 0x20, 0x75, 0x70, 0x74, 0x69, 0x6d,
    0x65, 0x20, 0x6c, 0x69, 0x6b, 0x65, 0x20, 0x74, 0x68, 0x65, 0x20, 0x64, 0x65, 0x76, 0x69, 0x63,
    0x65, 0x27, 0x73, 0x20, 0x6f, 0x77, 0x6e, 0x20, 0x73, 0x63, 0x72, 0x65, 0x65, 0x6e, 0x20, 0x28,
    0x64, 0x69, 0x73, 0x70, 0x6c, 0x61, 0x79, 0x5f, 0x6d, 0x6f, 0x64, 0x65, 0x6c, 0x2e, 0x63, 0x29,
    0x3a, 0x20, 0x22, 0x34, 0x35, 0x20, 0x73, 0x22, 0x2c, 0x20, 0x22, 0x4e, 0x20, 0x6d, 0x69, 0x6e,
    0x22, 0x2c, 0x20, 0x22, 0x48, 0x20, 0x68, 0x20, 0x4d, 0x20, 0x6d, 0x69, 0x6e, 0x22, 0x2c, 0x20,
    0x22, 0x44, 0x20, 0x64, 0x20, 0x48, 0x20, 0x68, 0x22, 0x20, 0x2a, 0x2f, 0x0a, 0x2f, 0x2a, 0x2a,
    0x20, 0x40, 0x70, 0x61, 0x72, 0x61, 0x6d, 0x20, 0x7b, 0x6e, 0x75, 0x6d, 0x62, 0x65, 0x72, 0x7d,
    0x20, 0x6d, 0x73, 0x20, 0x40, 0x72, 0x65, 0x74, 0x75, 0x72, 0x6e, 0x73, 0x20, 0x7b, 0x73, 0x74,
    0x72, 0x69, 0x6e, 0x67, 0x7d, 0x20, 0x2a, 0x2f, 0x0a, 0x66, 0x75, 0x6e, 0x63, 0x74, 0x69, 0x6f,
    0x6e, 0x20, 0x66, 0x6d, 0x74, 0x55, 0x70, 0x74, 0x69, 0x6d, 0x65, 0x28, 0x6d, 0x73, 0x29, 0x20,
    0x7b, 0x0a, 0x20, 0x20, 0x63, 0x6f, 0x6e, 0x73, 0x74, 0x20, 0x73, 0x20, 0x3d, 0x20, 0x4d, 0x61,
    0x74, 0x68, 0x2e, 0x66, 0x6c, 0x6f, 0x6f, 0x72, 0x28, 0x6d, 0x73, 0x20, 0x2f, 0x20, 0x31, 0x30,
    0x30, 0x30, 0x29, 0x2c, 0x20, 0x6d, 0x69, 0x6e, 0x20, 0x3d, 0x20, 0x4d, 0x61, 0x74, 0x68, 0x2e,
    0x66, 0x6c, 0x6f, 0x6f, 0x72, 0x28, 0x73, 0x20, 0x2f, 0x20, 0x36, 0x30, 0x29, 0x2c, 0x20, 0x68,
    0x20, 0x3d, 0x20, 0x4d, 0x61, 0x74, 0x68, 0x2e, 0x66, 0x6c, 0x6f, 0x6f, 0x72, 0x28, 0x6d, 0x69,
    0x6e, 0x20, 0x2f, 0x20, 0x36, 0x30, 0x29, 0x2c, 0x20, 0x64, 0x20, 0x3d, 0x20, 0x4d, 0x61, 0x74,
    0x68, 0x2e, 0x66, 0x6c, 0x6f, 0x6f, 0x72, 0x28, 0x68, 0x20, 0x2f, 0x20, 0x32, 0x34, 0x29, 0x3b,
    0x0a, 0x20, 0x20, 0x69, 0x66, 0x20, 0x28, 0x21, 0x6d, 0x69, 0x6e, 0x29, 0x20, 0x72, 0x65, 0x74,
    0x75, 0x72, 0x6e, 0x20, 0x73, 0x20, 0x2b, 0x20, 0x22, 0x20, 0x73, 0x22, 0x3b, 0x0a, 0x20, 0x20,
    0x69, 0x66, 0x20, 0x28, 0x21, 0x68, 0x29, 0x20, 0x72, 0x65, 0x74, 0x75, 0x72, 0x6e, 0x20, 0x6d,
    0x69, 0x6e, 0x20, 0x2b, 0x20, 0x22, 0x20, 0x6d, 0x69, 0x6e, 0x22, 0x3b, 0x0a, 0x20, 0x20, 0x72,
    0x65, 0x74, 0x75, 0x72, 0x6e, 0x20, 0x64, 0x20, 0x3f, 0x20, 0x64, 0x20, 0x2b, 0x20, 0x22, 0x20,
    0x64, 0x20, 0x22, 0x20, 0x2b, 0x20, 0x28, 0x68, 0x20, 0x25, 0x20, 0x32, 0x34, 0x29, 0x20, 0x2b,
    0x20, 0x22, 0x20, 0x68, 0x22, 0x20, 0x3a, 0x20, 0x68, 0x20, 0x2b, 0x20, 0x22, 0x20, 0x68, 0x20,
    0x22, 0x20, 0x2b, 0x20, 0x28, 0x6d, 0x69, 0x6e, 0x20, 0x25, 0x20, 0x36, 0x30, 0x29, 0x20, 0x2b,
    0x20, 0x22, 0x20, 0x6d, 0x69, 0x6e, 0x22, 0x3b, 0x0a, 0x7d, 0x0a, 0x0a, 0x2f, 0x2a, 0x2a, 0x20,
    0x40, 0x70, 0x61, 0x72, 0x61, 0x6d, 0x20, 0x7b, 0x44, 0x65, 0x76, 0x69, 0x63, 0x65, 0x7d, 0x20,
    0x64, 0x20, 0x2a, 0x2f, 0x0a, 0x66, 0x75, 0x6e, 0x63, 0x74, 0x69, 0x6f, 0x6e, 0x20, 0x72, 0x65,
    0x6e, 0x64, 0x65, 0x72, 0x44, 0x65, 0x76, 0x69, 0x63, 0x65, 0x28, 0x64, 0x29, 0x20, 0x7b, 0x0a,
    0x20, 0x20, 0x63, 0x6f, 0x6e, 0x73, 0x74, 0x20, 0x62, 0x6f, 0x78, 0x20, 0x3d, 0x20, 0x24, 0x28,
    0x22, 0x64, 0x65, 0x76, 0x69, 0x63, 0x65, 0x22, 0x29, 0x3b, 0x0a, 0x20, 0x20, 0x62, 0x6f, 0x78,
    0x2e, 0x74, 0x65, 0x78, 0x74, 0x43, 0x6f, 0x6e, 0x74, 0x65, 0x6e, 0x74, 0x20, 0x3d, 0x20, 0x22,
    0x22, 0x3b, 0x0a, 0x20, 0x20, 0x62, 0x6f, 0x78, 0x2e, 0x61, 0x70, 0x70, 0x65, 0x6e, 0x64, 0x43,
    0x68, 0x69, 0x6c, 0x64, 0x28, 0x65, 0x6c, 0x28, 0x22, 0x68, 0x32, 0x22, 0x2c, 0x20, 0x74, 0x28,
    0x22, 0x64, 0x65, 0x76, 0x69, 0x63, 0x65, 0x22, 0x29, 0x29, 0x29, 0x3b, 0x0a, 0x20, 0x20, 0x63,
    0x6f, 0x6e, 0x73, 0x74, 0x20, 0x77, 0x20, 0x3d, 0x20, 0x64, 0x2e, 0x77, 0x69, 0x66, 0x69, 0x2c,
    0x20, 0x61, 0x67, 0x65, 0x20, 0x3d, 0x20, 0x64, 0x2e, 0x6c, 0x69, 0x6e, 0x6b, 0x2e, 0x6c, 0x61,
    0x73, 0x74, 0x5f, 0x73, 0x6e, 0x61, 0x70, 0x5f, 0x61, 0x67, 0x65, 0x5f, 0x6d, 0x73, 0x3b, 0x0a,
    0x20, 0x20, 0x62, 0x6f, 0x78, 0x2e, 0x61, 0x70, 0x70, 0x65, 0x6e, 0x64, 0x43, 0x68, 0x69, 0x6c,
    0x64, 0x28, 0x6c, 0x69, 0x73, 0x74, 0x28, 0x5b, 0x0a, 0x20, 0x20, 0x20, 0x20, 0x2f, 0x2a, 0x20,
    0x61, 0x20, 0x62, 0x6f, 0x6e, 0x64, 0x65, 0x64, 0x20, 0x61, 0x64, 0x64, 0x72, 0x65, 0x73, 0x73,
    0x20, 0x77, 0x69, 0x74, 0x68, 0x20, 0x61, 0x20, 0x6c, 0x69, 0x76, 0x65, 0x20, 0x6c, 0x69, 0x6e,
    0x6b, 0x20, 0x69, 0x73, 0x20, 0x70, 0x61, 0x69, 0x72, 0x65, 0x64, 0x3a, 0x20, 0x22, 0x69, 0x64,
    0x6c, 0x65, 0x22, 0x20, 0x28, 0x72, 0x65, 0x63, 0x6f, 0x6e, 0x6e, 0x65, 0x63, 0x74, 0x65, 0x64,
    0x20, 0x62, 0x79, 0x20, 0x74, 0x68, 0x65, 0x20, 0x73, 0x74, 0x6f, 0x72, 0x65, 0x64, 0x20, 0x62,
    0x6f, 0x6e, 0x64, 0x2c, 0x20, 0x74, 0x68, 0x65, 0x0a, 0x20, 0x20, 0x20, 0x20, 0x20, 0x2a, 0x20,
    0x70, 0x61, 0x69, 0x72, 0x69, 0x6e, 0x67, 0x20, 0x66, 0x6c, 0x6f, 0x77, 0x20, 0x6e, 0x65, 0x76,
    0x65, 0x72, 0x20, 0x72, 0x61, 0x6e, 0x29, 0x20, 0x6f, 0x72, 0x20, 0x22, 0x62, 0x6f, 0x6e, 0x64,
    0x65, 0x64, 0x22, 0x20, 0x28, 0x66, 0x72, 0x65, 0x73, 0x68, 0x20, 0x66, 0x72, 0x6f, 0x6d, 0x20,
    0x61, 0x20, 0x70, 0x61, 0x69, 0x72, 0x29, 0x20, 0x77, 0x6f, 0x75, 0x6c, 0x64, 0x20, 0x73, 0x68,
    0x6f, 0x77, 0x20, 0x61, 0x20, 0x72, 0x61, 0x77, 0x2c, 0x20, 0x75, 0x6e, 0x74, 0x72, 0x61, 0x6e,
    0x73, 0x6c, 0x61, 0x74, 0x65, 0x64, 0x20, 0x77, 0x6f, 0x72, 0x64, 0x20, 0x2a, 0x2f, 0x0a, 0x20,
    0x20, 0x20, 0x20, 0x5b, 0x74, 0x28, 0x22, 0x70, 0x61, 0x69, 0x72, 0x69, 0x6e, 0x67, 0x22, 0x29,
    0x2c, 0x20, 0x64, 0x2e, 0x70, 0x61, 0x69, 0x72, 0x69, 0x6e, 0x67, 0x2e, 0x61, 0x64, 0x64, 0x72,
    0x65, 0x73, 0x73, 0x20, 0x26, 0x26, 0x20, 0x64, 0x2e, 0x6c, 0x69, 0x6e, 0x6b, 0x2e, 0x75, 0x70,
    0x20, 0x26, 0x26, 0x20, 0x28, 0x64, 0x2e, 0x70, 0x61, 0x69, 0x72, 0x69, 0x6e, 0x67, 0x2e, 0x73,
    0x74, 0x61, 0x74, 0x65, 0x20, 0x3d, 0x3d, 0x3d, 0x20, 0x22, 0x69, 0x64, 0x6c, 0x65, 0x22, 0x20,
    0x7c, 0x7c, 0x20, 0x64, 0x2e, 0x70, 0x61, 0x69, 0x72, 0x69, 0x6e, 0x67, 0x2e, 0x73, 0x74, 0x61,
    0x74, 0x65, 0x20, 0x3d, 0x3d, 0x3d, 0x20, 0x22, 0x62, 0x6f, 0x6e, 0x64, 0x65, 0x64, 0x22, 0x29,
    0x0a, 0x20, 0x20, 0x20, 0x20, 0x20, 0x20, 0x3f, 0x20, 0x74, 0x28, 0x22, 0x70, 0x61, 0x69, 0x72,
    0x65, 0x64, 0x22, 0x29, 0x20, 0x3a, 0x20, 0x64, 0x2e, 0x70, 0x61, 0x69, 0x72, 0x69, 0x6e, 0x67,
    0x2e, 0x73, 0x74, 0x61, 0x74, 0x65, 0x5d, 0x2c, 0x0a, 0x20, 0x20, 0x20, 0x20, 0x5b, 0x74, 0x28,
    0x22, 0x61, 0x64, 0x64, 0x72, 0x65, 0x73, 0x73, 0x22, 0x29, 0x2c, 0x20, 0x64, 0x2e, 0x70, 0x61,
    0x69, 0x72, 0x69, 0x6e, 0x67, 0x2e, 0x61, 0x64, 0x64, 0x72, 0x65, 0x73, 0x73, 0x20, 0x7c, 0x7c,
    0x20, 0x74, 0x28, 0x22, 0x6e, 0x6f, 0x6e, 0x65, 0x22, 0x29, 0x5d, 0x2c, 0x0a, 0x20, 0x20, 0x20,
    0x20, 0x5b, 0x74, 0x28, 0x22, 0x6c, 0x69, 0x6e, 0x6b, 0x22, 0x29, 0x2c, 0x20, 0x74, 0x28, 0x64,
    0x2e, 0x6c, 0x69, 0x6e, 0x6b, 0x2e, 0x75, 0x70, 0x20, 0x3f, 0x20, 0x22, 0x6c, 0x69, 0x6e, 0x6b,
    0x5f, 0x75, 0x70, 0x22, 0x20, 0x3a, 0x20, 0x22, 0x6c, 0x69, 0x6e, 0x6b, 0x5f, 0x64, 0x6f, 0x77,
    0x6e, 0x22, 0x29, 0x5d, 0x2c, 0x0a, 0x20, 0x20, 0x20, 0x20, 0x5b, 0x74, 0x28, 0x22, 0x6c, 0x61,
    0x73, 0x74, 0x5f, 0x75, 0x70, 0x64, 0x61, 0x74, 0x65, 0x22, 0x29, 0x2c, 0x20, 0x61, 0x67, 0x65,
    0x20, 0x3d, 0x3d, 0x3d, 0x20, 0x6e, 0x75, 0x6c, 0x6c, 0x20, 0x3f, 0x20, 0x74, 0x28, 0x22, 0x6e,
    0x6f, 0x6e, 0x65, 0x22, 0x29, 0x20, 0x3a, 0x20, 0x74, 0x28, 0x22, 0x73, 0x65, 0x63, 0x6f, 0x6e,
    0x64, 0x73, 0x5f, 0x61, 0x67, 0x6f, 0x22, 0x2c, 0x20, 0x7b, 0x6e, 0x3a, 0x20, 0x4d, 0x61, 0x74,
    0x68, 0x2e, 0x72, 0x6f, 0x75, 0x6e, 0x64, 0x28, 0x61, 0x67, 0x65, 0x20, 0x2f, 0x20, 0x31, 0x30,
    0x30, 0x30, 0x29, 0x7d, 0x29, 0x5d, 0x2c, 0x0a, 0x20, 0x20, 0x20, 0x20, 0x5b, 0x74, 0x28, 0x22,
    0x77, 0x69, 0x66, 0x69, 0x22, 0x29, 0x2c, 0x20, 0x74, 0x28, 0x4d, 0x4f, 0x44, 0x45, 0x5b, 0x77,
    0x2e, 0x6d, 0x6f, 0x64, 0x65, 0x5d, 0x20, 0x7c, 0x7c, 0x20, 0x22, 0x6d, 0x6f, 0x64, 0x65, 0x5f,
    0x6f, 0x66, 0x66, 0x22, 0x29, 0x20, 0x2b, 0x20, 0x28, 0x77, 0x2e, 0x73, 0x73, 0x69, 0x64, 0x20,
    0x3f, 0x20, 0x22, 0x20, 0xc2, 0xb7, 0x20, 0x22, 0x20, 0x2b, 0x20, 0x77, 0x2e, 0x73, 0x73, 0x69,
    0x64, 0x20, 0x3a, 0x20, 0x22, 0x22, 0x29, 0x5d, 0x2c, 0x0a, 0x20, 0x20, 0x20, 0x20, 0x5b, 0x74,
    0x28, 0x22, 0x69, 0x70, 0x22, 0x29, 0x2c, 0x20, 0x77, 0x2e, 0x69, 0x70, 0x20, 0x7c, 0x7c, 0x20,
    0x74, 0x28, 0x22, 0x6e, 0x6f, 0x6e, 0x65, 0x22, 0x29, 0x5d, 0x2c, 0x0a, 0x20, 0x20, 0x20, 0x20,
    0x5b, 0x74, 0x28, 0x22, 0x73, 0x69, 0x67, 0x6e, 0x61, 0x6c, 0x22, 0x29, 0x2c, 0x20, 0x77, 0x2e,
    0x72, 0x73, 0x73, 0x69, 0x20, 0x3d, 0x3d, 0x3d, 0x20, 0x6e, 0x75, 0x6c, 0x6c, 0x20, 0x3f, 0x20,
    0x74, 0x28, 0x22, 0x6e, 0x6f, 0x6e, 0x65, 0x22, 0x29, 0x20, 0x3a, 0x20, 0x77, 0x2e, 0x72, 0x73,
    0x73, 0x69, 0x20, 0x2b, 0x20, 0x22, 0x20, 0x64, 0x42, 0x6d, 0x22, 0x5d, 0x2c, 0x0a, 0x20, 0x20,
    0x20, 0x20, 0x5b, 0x74, 0x28, 0x22, 0x75, 0x70, 0x74, 0x69, 0x6d, 0x65, 0x22, 0x29, 0x2c, 0x20,
    0x66, 0x6d, 0x74, 0x55, 0x70, 0x74, 0x69, 0x6d, 0x65, 0x28, 0x64, 0x2e, 0x75, 0x70, 0x74, 0x69,
    0x6d, 0x65, 0x5f, 0x6d, 0x73, 0x29, 0x5d, 0x2c, 0x0a, 0x20, 0x20, 0x20, 0x20, 0x5b, 0x74, 0x28,
    0x22, 0x66, 0x69, 0x72, 0x6d, 0x77, 0x61, 0x72, 0x65, 0x22, 0x29, 0x2c, 0x20, 0x64, 0x2e, 0x66,
    0x77, 0x5d, 0x2c, 0x0a, 0x20, 0x20, 0x5d, 0x29, 0x29, 0x3b, 0x0a, 0x20, 0x20, 0x69, 0x66, 0x20,
    0x28, 0x77, 0x2e, 0x6d, 0x6f, 0x64, 0x65, 0x20, 0x3d, 0x3d, 0x3d, 0x20, 0x22, 0x73, 0x74, 0x61,
    0x74, 0x69, 0x6f, 0x6e, 0x22, 0x29, 0x20, 0x7b, 0x20, 0x20, 0x20, 0x2f, 0x2f, 0x20, 0x47, 0x45,
    0x54, 0x20, 0x2f, 0x20, 0x69, 0x73, 0x20, 0x74, 0x68, 0x65, 0x20, 0x63, 0x61, 0x6c, 0x69, 0x63,
    0x74, 0x6c, 0x20, 0x77, 0x65, 0x62, 0x20, 0x55, 0x49, 0x20, 0x69, 0x6e, 0x20, 0x73, 0x74, 0x61,
    0x74, 0x69, 0x6f, 0x6e, 0x20, 0x6d, 0x6f, 0x64, 0x65, 0x0a, 0x20, 0x20, 0x20, 0x20, 0x63, 0x6f,
    0x6e, 0x73, 0x74, 0x20, 0x61, 0x20, 0x3d, 0x20, 0x65, 0x6c, 0x28, 0x22, 0x61, 0x22, 0x2c, 0x20,
    0x74, 0x28, 0x22, 0x61, 0x70, 0x70, 0x5f, 0x6c, 0x69, 0x6e, 0x6b, 0x22, 0x29, 0x29, 0x3b, 0x0a,
    0x20, 0x20, 0x20, 0x20, 0x61, 0x2e, 0x68, 0x72, 0x65, 0x66, 0x20, 0x3d, 0x20, 0x22, 0x2f, 0x22,
    0x3b, 0x0a, 0x20, 0x20, 0x20, 0x20, 0x62, 0x6f, 0x78, 0x2e, 0x61, 0x70, 0x70, 0x65, 0x6e, 0x64,
    0x43, 0x68, 0x69, 0x6c, 0x64, 0x28, 0x61, 0x29, 0x3b, 0x0a, 0x20, 0x20, 0x7d, 0x0a, 0x7d, 0x0a,
    0x0a, 0x2f, 0x2a, 0x2a, 0x20, 0x40, 0x70, 0x61, 0x72, 0x61, 0x6d, 0x20, 0x7b, 0x53, 0x74, 0x61,
    0x74, 0x65, 0x5b, 0x22, 0x66, 0x6e, 0x22, 0x5d, 0x7d, 0x20, 0x66, 0x6e, 0x20, 0x2a, 0x2f, 0x0a,
    0x66, 0x75, 0x6e, 0x63, 0x74, 0x69, 0x6f, 0x6e, 0x20, 0x72, 0x65, 0x6e, 0x64, 0x65, 0x72, 0x46,
    0x75, 0x6e, 0x63, 0x74, 0x69, 0x6f, 0x6e, 0x73, 0x28, 0x66, 0x6e, 0x29, 0x20, 0x7b, 0x0a, 0x20,
    0x20, 0x63, 0x6f, 0x6e, 0x73, 0x74, 0x20, 0x62, 0x6f, 0x78, 0x20, 0x3d, 0x20, 0x24, 0x28, 0x22,
    0x66, 0x75, 0x6e, 0x63, 0x74, 0x69, 0x6f, 0x6e, 0x73, 0x22, 0x29, 0x3b, 0x0a, 0x20, 0x20, 0x62,
    0x6f, 0x78, 0x2e, 0x74, 0x65, 0x78, 0x74, 0x43, 0x6f, 0x6e, 0x74, 0x65, 0x6e, 0x74, 0x20, 0x3d,
    0x20, 0x22, 0x22, 0x3b, 0x0a, 0x20, 0x20, 0x63, 0x6f, 0x6e, 0x73, 0x74, 0x20, 0x6e, 0x61, 0x6d,
    0x65, 0x73, 0x20, 0x3d, 0x20, 0x4f, 0x62, 0x6a, 0x65, 0x63, 0x74, 0x2e, 0x6b, 0x65, 0x79, 0x73,
    0x28, 0x66, 0x6e, 0x29, 0x3b, 0x0a, 0x20, 0x20, 0x69, 0x66, 0x20, 0x28, 0x21, 0x6e, 0x61, 0x6d,
    0x65, 0x73, 0x2e, 0x6c, 0x65, 0x6e, 0x67, 0x74, 0x68, 0x29, 0x20, 0x7b, 0x20, 0x62, 0x6f, 0x78,
    0x2e, 0x61, 0x70, 0x70, 0x65, 0x6e, 0x64, 0x43, 0x68, 0x69, 0x6c, 0x64, 0x28, 0x65, 0x6c, 0x28,
    0x22, 0x70, 0x22, 0x2c, 0x20, 0x74, 0x28, 0x22, 0x6e, 0x6f, 0x5f, 0x64, 0x61, 0x74, 0x61, 0x22,
    0x29, 0x2c, 0x20, 0x22, 0x6d, 0x75, 0x74, 0x65, 0x64, 0x22, 0x29, 0x29, 0x3b, 0x20, 0x72, 0x65,
    0x74, 0x75, 0x72, 0x6e, 0x3b, 0x20, 0x7d, 0x0a, 0x20, 0x20, 0x66, 0x6f, 0x72, 0x20, 0x28, 0x63,
    0x6f, 0x6e, 0x73, 0x74, 0x20, 0x6e, 0x61, 0x6d, 0x65, 0x20, 0x6f, 0x66, 0x20, 0x6e, 0x61, 0x6d,
    0x65, 0x73, 0x29, 0x20, 0x7b, 0x0a, 0x20, 0x20, 0x20, 0x20, 0x63, 0x6f, 0x6e, 0x73, 0x74, 0x20,
    0x63, 0x61, 0x72, 0x64, 0x20, 0x3d, 0x20, 0x65, 0x6c, 0x28, 0x22, 0x64, 0x69, 0x76, 0x22, 0x2c,
    0x20, 0x75, 0x6e, 0x64, 0x65, 0x66, 0x69, 0x6e, 0x65, 0x64, 0x2c, 0x20, 0x22, 0x62, 0x6f, 0x78,
    0x22, 0x29, 0x3b, 0x0a, 0x20, 0x20, 0x20, 0x20, 0x63, 0x61, 0x72, 0x64, 0x2e, 0x61, 0x70, 0x70,
    0x65, 0x6e, 0x64, 0x43, 0x68, 0x69, 0x6c, 0x64, 0x28, 0x65, 0x6c, 0x28, 0x22, 0x68, 0x32, 0x22,
    0x2c, 0x20, 0x46, 0x4e, 0x5b, 0x6e, 0x61, 0x6d, 0x65, 0x5d, 0x20, 0x3f, 0x20, 0x74, 0x28, 0x46,
    0x4e, 0x5b, 0x6e, 0x61, 0x6d, 0x65, 0x5d, 0x29, 0x20, 0x3a, 0x20, 0x6e, 0x61, 0x6d, 0x65, 0x29,
    0x29, 0x3b, 0x0a, 0x20, 0x20, 0x20, 0x20, 0x63, 0x61, 0x72, 0x64, 0x2e, 0x61, 0x70, 0x70, 0x65,
    0x6e, 0x64, 0x43, 0x68, 0x69, 0x6c, 0x64, 0x28, 0x6c, 0x69, 0x73, 0x74, 0x28, 0x4f, 0x62, 0x6a,
    0x65, 0x63, 0x74, 0x2e, 0x6b, 0x65, 0x79, 0x73, 0x28, 0x66, 0x6e, 0x5b, 0x6e, 0x61, 0x6d, 0x65,
    0x5d, 0x29, 0x2e, 0x6d, 0x61, 0x70, 0x28, 0x28, 0x6b, 0x29, 0x20, 0x3d, 0x3e, 0x20, 0x2f, 0x2a,
    0x2a, 0x20, 0x40, 0x74, 0x79, 0x70, 0x65, 0x20, 0x7b, 0x5b, 0x73, 0x74, 0x72, 0x69, 0x6e, 0x67,
    0x2c, 0x20, 0x73, 0x74, 0x72, 0x69, 0x6e, 0x67, 0x5d, 0x7d, 0x20, 0x2a, 0x2f, 0x20, 0x28, 0x5b,
    0x6b, 0x2c, 0x20, 0x53, 0x74, 0x72, 0x69, 0x6e, 0x67, 0x28, 0x66, 0x6e, 0x5b, 0x6e, 0x61, 0x6d,
    0x65, 0x5d, 0x5b, 0x6b, 0x5d, 0x29, 0x5d, 0x29, 0x29, 0x29, 0x29, 0x3b, 0x0a, 0x20, 0x20, 0x20,
    0x20, 0x62, 0x6f, 0x78, 0x2e, 0x61, 0x70, 0x70, 0x65, 0x6e, 0x64, 0x43, 0x68, 0x69, 0x6c, 0x64,
    0x28, 0x63, 0x61, 0x72, 0x64, 0x29, 0x3b, 0x0a, 0x20, 0x20, 0x7d, 0x0a, 0x7d, 0x0a, 0x0a, 0x2f,
    0x2a, 0x2a, 0x20, 0x40, 0x70, 0x61, 0x72, 0x61, 0x6d, 0x20, 0x7b, 0x41, 0x70, 0x5b, 0x5d, 0x7d,
    0x20, 0x73, 0x63, 0x61, 0x6e, 0x20, 0x2a, 0x2f, 0x0a, 0x66, 0x75, 0x6e, 0x63, 0x74, 0x69, 0x6f,
    0x6e, 0x20, 0x72, 0x65, 0x6e, 0x64, 0x65, 0x72, 0x4e, 0x65, 0x74, 0x77, 0x6f, 0x72, 0x6b, 0x73,
    0x28, 0x73, 0x63, 0x61, 0x6e, 0x29, 0x20, 0x7b, 0x0a, 0x20, 0x20, 0x63, 0x6f, 0x6e, 0x73, 0x74,
    0x20, 0x73, 0x65, 0x6c, 0x20, 0x3d, 0x20, 0x73, 0x65, 0x6c, 0x65, 0x63, 0x74, 0x28, 0x22, 0x73,
    0x73, 0x69, 0x64, 0x22, 0x29, 0x2c, 0x20, 0x6b, 0x65, 0x65, 0x70, 0x20, 0x3d, 0x20, 0x73, 0x65,
    0x6c, 0x2e, 0x76, 0x61, 0x6c, 0x75, 0x65, 0x3b, 0x0a, 0x20, 0x20, 0x73, 0x65, 0x6c, 0x2e, 0x74,
    0x65, 0x78, 0x74, 0x43, 0x6f, 0x6e, 0x74, 0x65, 0x6e, 0x74, 0x20, 0x3d, 0x20, 0x22, 0x22, 0x3b,
    0x0a, 0x20, 0x20, 0x69, 0x66, 0x20, 0x28, 0x21, 0x73, 0x63, 0x61, 0x6e, 0x2e, 0x6c, 0x65, 0x6e,
    0x67, 0x74, 0x68, 0x29, 0x20, 0x7b, 0x20, 0x73, 0x65, 0x6c, 0x2e, 0x61, 0x70, 0x70, 0x65, 0x6e,
    0x64, 0x43, 0x68, 0x69, 0x6c, 0x64, 0x28, 0x65, 0x6c, 0x28, 0x22, 0x6f, 0x70, 0x74, 0x69, 0x6f,
    0x6e, 0x22, 0x2c, 0x20, 0x74, 0x28, 0x22, 0x6e, 0x6f, 0x5f, 0x6e, 0x65, 0x74, 0x77, 0x6f, 0x72,
    0x6b, 0x73, 0x22, 0x29, 0x29, 0x29, 0x2e, 0x76, 0x61, 0x6c, 0x75, 0x65, 0x20, 0x3d, 0x20, 0x22,
    0x22, 0x3b, 0x20, 0x72, 0x65, 0x74, 0x75, 0x72, 0x6e, 0x3b, 0x20, 0x7d, 0x0a, 0x20, 0x20, 0x66,
    0x6f, 0x72, 0x20, 0x28, 0x63, 0x6f, 0x6e, 0x73, 0x74, 0x20, 0x61, 0x70, 0x20, 0x6f, 0x66, 0x20,
    0x73, 0x63, 0x61, 0x6e, 0x29, 0x20, 0x7b, 0x0a, 0x20, 0x20, 0x20, 0x20, 0x63, 0x6f, 0x6e, 0x73,
    0x74, 0x20, 0x6f, 0x20, 0x3d, 0x20, 0x65, 0x6c, 0x28, 0x22, 0x6f, 0x70, 0x74, 0x69, 0x6f, 0x6e,
    0x22, 0x2c, 0x20, 0x61, 0x70, 0x2e, 0x73, 0x73, 0x69, 0x64, 0x20, 0x2b, 0x20, 0x22, 0x20, 0x20,
    0x28, 0x22, 0x20, 0x2b, 0x20, 0x61, 0x70, 0x2e, 0x72, 0x73, 0x73, 0x69, 0x20, 0x2b, 0x20, 0x22,
    0x20, 0x64, 0x42, 0x6d, 0x22, 0x20, 0x2b, 0x20, 0x28, 0x61, 0x70, 0x2e, 0x73, 0x65, 0x63, 0x75,
    0x72, 0x65, 0x20, 0x3f, 0x20, 0x22, 0x22, 0x20, 0x3a, 0x20, 0x22, 0x2c, 0x20, 0x22, 0x20, 0x2b,
    0x20, 0x74, 0x28, 0x22, 0x6f, 0x70, 0x65, 0x6e, 0x5f, 0x75, 0x6e, 0x73, 0x75, 0x70, 0x70, 0x6f,
    0x72, 0x74, 0x65, 0x64, 0x22, 0x29, 0x29, 0x20, 0x2b, 0x20, 0x22, 0x29, 0x22, 0x29, 0x3b, 0x0a,
    0x20, 0x20, 0x20, 0x20, 0x6f, 0x2e, 0x76, 0x61, 0x6c, 0x75, 0x65, 0x20, 0x3d, 0x20, 0x61, 0x70,
    0x2e, 0x73, 0x73, 0x69, 0x64, 0x3b, 0x0a, 0x20, 0x20, 0x20, 0x20, 0x6f, 0x2e, 0x64, 0x69, 0x73,
    0x61, 0x62, 0x6c, 0x65, 0x64, 0x20, 0x3d, 0x20, 0x21, 0x61, 0x70, 0x2e, 0x73, 0x65, 0x63, 0x75,
    0x72, 0x65, 0x3b, 0x20, 0x20, 0x2f, 0x2a, 0x20, 0x74, 0x68, 0x65, 0x20, 0x64, 0x65, 0x76, 0x69,
    0x63, 0x65, 0x20, 0x72, 0x65, 0x71, 0x75, 0x69, 0x72, 0x65, 0x73, 0x20, 0x61, 0x20, 0x4e, 0x45,
    0x54, 0x5f, 0x50, 0x53, 0x4b, 0x5f, 0x4d, 0x49, 0x4e, 0x2e, 0x2e, 0x4e, 0x45, 0x54, 0x5f, 0x50,
    0x53, 0x4b, 0x5f, 0x4d, 0x41, 0x58, 0x20, 0x70, 0x61, 0x73, 0x73, 0x70, 0x68, 0x72, 0x61, 0x73,
    0x65, 0x20, 0x2a, 0x2f, 0x0a, 0x20, 0x20, 0x20, 0x20, 0x73, 0x65, 0x6c, 0x2e, 0x61, 0x70, 0x70,
    0x65, 0x6e, 0x64, 0x43, 0x68, 0x69, 0x6c, 0x64, 0x28, 0x6f, 0x29, 0x3b, 0x0a, 0x20, 0x20, 0x7d,
    0x0a, 0x20, 0x20, 0x69, 0x66, 0x20, 0x28, 0x73, 0x63, 0x61, 0x6e, 0x2e, 0x73, 0x6f, 0x6d, 0x65,
    0x28, 0x28, 0x61, 0x70, 0x29, 0x20, 0x3d, 0x3e, 0x20, 0x61, 0x70, 0x2e, 0x73, 0x73, 0x69, 0x64,
    0x20, 0x3d, 0x3d, 0x3d, 0x20, 0x6b, 0x65, 0x65, 0x70, 0x29, 0x29, 0x20, 0x73, 0x65, 0x6c, 0x2e,
    0x76, 0x61, 0x6c, 0x75, 0x65, 0x20, 0x3d, 0x20, 0x6b, 0x65, 0x65, 0x70, 0x3b, 0x0a, 0x7d, 0x0a,
    0x0a, 0x2f, 0x2a, 0x2a, 0x20, 0x40, 0x74, 0x79, 0x70, 0x65, 0x20, 0x7b, 0x52, 0x65, 0x74, 0x75,
    0x72, 0x6e, 0x54, 0x79, 0x70, 0x65, 0x3c, 0x74, 0x79, 0x70, 0x65, 0x6f, 0x66, 0x20, 0x73, 0x65,
    0x74, 0x54, 0x69, 0x6d, 0x65, 0x6f, 0x75, 0x74, 0x3e, 0x7c, 0x6e, 0x75, 0x6c, 0x6c, 0x7d, 0x20,
    0x74, 0x68, 0x65, 0x20, 0x70, 0x65, 0x6e, 0x64, 0x69, 0x6e, 0x67, 0x20, 0x64, 0x65, 0x6c, 0x61,
    0x79, 0x65, 0x64, 0x20, 0x72, 0x65, 0x2d, 0x72, 0x65, 0x61, 0x64, 0x20, 0x66, 0x72, 0x6f, 0x6d,
    0x20, 0x74, 0x68, 0x65, 0x20, 0x6c, 0x61, 0x73, 0x74, 0x20, 0x73, 0x63, 0x61, 0x6e, 0x28, 0x29,
    0x20, 0x2a, 0x2f, 0x0a, 0x6c, 0x65, 0x74, 0x20, 0x73, 0x63, 0x61, 0x6e, 0x54, 0x69, 0x6d, 0x65,
    0x72, 0x20, 0x3d, 0x20, 0x6e, 0x75, 0x6c, 0x6c, 0x3b, 0x0a, 0x0a, 0x61, 0x73, 0x79, 0x6e, 0x63,
    0x20, 0x66, 0x75, 0x6e, 0x63, 0x74, 0x69, 0x6f, 0x6e, 0x20, 0x73, 0x63, 0x61, 0x6e, 0x28, 0x29,
    0x20, 0x7b, 0x0a, 0x20, 0x20, 0x63, 0x6f, 0x6e, 0x73, 0x74, 0x20, 0x6d, 0x73, 0x67, 0x20, 0x3d,
    0x20, 0x24, 0x28, 0x22, 0x73, 0x65, 0x74, 0x75, 0x70, 0x2d, 0x6d, 0x73, 0x67, 0x22, 0x29, 0x3b,
    0x0a, 0x20, 0x20, 0x69, 0x66, 0x20, 0x28, 0x73, 0x63, 0x61, 0x6e, 0x54, 0x69, 0x6d, 0x65, 0x72,
    0x20, 0x21, 0x3d, 0x3d, 0x20, 0x6e, 0x75, 0x6c, 0x6c, 0x29, 0x20, 0x7b, 0x20, 0x63, 0x6c, 0x65,
    0x61, 0x72, 0x54, 0x69, 0x6d, 0x65, 0x6f, 0x75, 0x74, 0x28, 0x73, 0x63, 0x61, 0x6e, 0x54, 0x69,
    0x6d, 0x65, 0x72, 0x29, 0x3b, 0x20, 0x73, 0x63, 0x61, 0x6e, 0x54, 0x69, 0x6d, 0x65, 0x72, 0x20,
    0x3d, 0x20, 0x6e, 0x75, 0x6c, 0x6c, 0x3b, 0x20, 0x7d, 0x0a, 0x20, 0x20, 0x6d, 0x73, 0x67, 0x2e,
    0x63, 0x6c, 0x61, 0x73, 0x73, 0x4e, 0x61, 0x6d, 0x65, 0x20, 0x3d, 0x20, 0x22, 0x22, 0x3b, 0x0a,
    0x20, 0x20, 0x6d, 0x73, 0x67, 0x2e, 0x74, 0x65, 0x78, 0x74, 0x43, 0x6f, 0x6e, 0x74, 0x65, 0x6e,
    0x74, 0x20, 0x3d, 0x20, 0x74, 0x28, 0x22, 0x73, 0x63, 0x61, 0x6e, 0x6e, 0x69, 0x6e, 0x67, 0x22,
    0x29, 0x3b, 0x0a, 0x20, 0x20, 0x63, 0x6f, 0x6e, 0x73, 0x74, 0x20, 0x73, 0x74, 0x69, 0x6c, 0x6c,
    0x20, 0x3d, 0x20, 0x28, 0x29, 0x20, 0x3d, 0x3e, 0x20, 0x6d, 0x73, 0x67, 0x2e, 0x74, 0x65, 0x78,
    0x74, 0x43, 0x6f, 0x6e, 0x74, 0x65, 0x6e, 0x74, 0x20, 0x3d, 0x3d, 0x3d, 0x20, 0x74, 0x28, 0x22,
    0x73, 0x63, 0x61, 0x6e, 0x6e, 0x69, 0x6e, 0x67, 0x22, 0x29, 0x3b, 0x20, 0x20, 0x2f, 0x2a, 0x20,
    0x6e, 0x6f, 0x74, 0x68, 0x69, 0x6e, 0x67, 0x20, 0x6e, 0x65, 0x77, 0x65, 0x72, 0x20, 0x28, 0x6a,
    0x6f, 0x69, 0x6e, 0x20, 0x72, 0x65, 0x73, 0x75, 0x6c, 0x74, 0x2c, 0x20, 0x65, 0x72, 0x72, 0x6f,
    0x72, 0x29, 0x20, 0x6c, 0x61, 0x6e, 0x64, 0x65, 0x64, 0x20, 0x2a, 0x2f, 0x0a, 0x20, 0x20, 0x74,
    0x72, 0x79, 0x20, 0x7b, 0x0a, 0x20, 0x20, 0x20, 0x20, 0x72, 0x65, 0x6e, 0x64, 0x65, 0x72, 0x4e,
    0x65, 0x74, 0x77, 0x6f, 0x72, 0x6b, 0x73, 0x28, 0x28, 0x61, 0x77, 0x61, 0x69, 0x74, 0x20, 0x67,
    0x65, 0x74, 0x57, 0x69, 0x66, 0x69, 0x28, 0x29, 0x29, 0x2e, 0x73, 0x63, 0x61, 0x6e, 0x29, 0x3b,
    0x0a, 0x20, 0x20, 0x20, 0x20, 0x2f, 0x2a, 0x20, 0x65, 0x61, 0x63, 0x68, 0x20, 0x47, 0x45, 0x54,
    0x20, 0x73, 0x74, 0x61, 0x72, 0x74, 0x73, 0x20, 0x61, 0x20, 0x66, 0x72, 0x65, 0x73, 0x68, 0x20,
    0x73, 0x63, 0x61, 0x6e, 0x20, 0x66, 0x6f, 0x72, 0x20, 0x74, 0x68, 0x65, 0x20, 0x6e, 0x65, 0x78,
    0x74, 0x20, 0x6f, 0x6e, 0x65, 0x3a, 0x20, 0x72, 0x65, 0x61, 0x64, 0x20, 0x69, 0x74, 0x73, 0x20,
    0x72, 0x65, 0x73, 0x75, 0x6c, 0x74, 0x20, 0x61, 0x20, 0x6d, 0x6f, 0x6d, 0x65, 0x6e, 0x74, 0x20,
    0x6c, 0x61, 0x74, 0x65, 0x72, 0x20, 0x2a, 0x2f, 0x0a, 0x20, 0x20, 0x20, 0x20, 0x73, 0x63, 0x61,
    0x6e, 0x54, 0x69, 0x6d, 0x65, 0x72, 0x20, 0x3d, 0x20, 0x73, 0x65, 0x74, 0x54, 0x69, 0x6d, 0x65,
    0x6f, 0x75, 0x74, 0x28, 0x61, 0x73, 0x79, 0x6e, 0x63, 0x20, 0x28, 0x29, 0x20, 0x3d, 0x3e, 0x20,
    0x7b, 0x0a, 0x20, 0x20, 0x20, 0x20, 0x20, 0x20, 0x73, 0x63, 0x61, 0x6e, 0x54, 0x69, 0x6d, 0x65,
    0x72, 0x20, 0x3d, 0x20, 0x6e, 0x75, 0x6c, 0x6c, 0x3b, 0x0a, 0x20, 0x20, 0x20, 0x20, 0x20, 0x20,
    0x74, 0x72, 0x79, 0x20, 0x7b, 0x20, 0x72, 0x65, 0x6e, 0x64, 0x65, 0x72, 0x4e, 0x65, 0x74, 0x77,
    0x6f, 0x72, 0x6b, 0x73, 0x28, 0x28, 0x61, 0x77, 0x61, 0x69, 0x74, 0x20, 0x67, 0x65, 0x74, 0x57,
    0x69, 0x66, 0x69, 0x28, 0x29, 0x29, 0x2e, 0x73, 0x63, 0x61, 0x6e, 0x29, 0x3b, 0x20, 0x69, 0x66,
    0x20, 0x28, 0x73, 0x74, 0x69, 0x6c, 0x6c, 0x28, 0x29, 0x29, 0x20, 0x6d, 0x73, 0x67, 0x2e, 0x74,
    0x65, 0x78, 0x74, 0x43, 0x6f, 0x6e, 0x74, 0x65, 0x6e, 0x74, 0x20, 0x3d, 0x20, 0x22, 0x22, 0x3b,
    0x20, 0x7d, 0x0a, 0x20, 0x20, 0x20, 0x20, 0x20, 0x20, 0x63, 0x61, 0x74, 0x63, 0x68, 0x20, 0x28,
    0x65, 0x29, 0x20, 0x7b, 0x20, 0x69, 0x66, 0x20, 0x28, 0x73, 0x74, 0x69, 0x6c, 0x6c, 0x28, 0x29,
    0x29, 0x20, 0x6d, 0x73, 0x67, 0x2e, 0x74, 0x65, 0x78, 0x74, 0x43, 0x6f, 0x6e, 0x74, 0x65, 0x6e,
    0x74, 0x20, 0x3d, 0x20, 0x74, 0x28, 0x22, 0x65, 0x72, 0x72, 0x5f, 0x6e, 0x65, 0x74, 0x22, 0x29,
    0x3b, 0x20, 0x7d, 0x0a, 0x20, 0x20, 0x20, 0x20, 0x7d, 0x2c, 0x20, 0x32, 0x20, 0x2a, 0x20, 0x43,
    0x46, 0x47, 0x2e, 0x70, 0x6f, 0x6c, 0x6c, 0x4d, 0x73, 0x29, 0x3b, 0x0a, 0x20, 0x20, 0x7d, 0x20,
    0x63, 0x61, 0x74, 0x63, 0x68, 0x20, 0x28, 0x65, 0x29, 0x20, 0x7b, 0x20, 0x69, 0x66, 0x20, 0x28,
    0x73, 0x74, 0x69, 0x6c, 0x6c, 0x28, 0x29, 0x29, 0x20, 0x6d, 0x73, 0x67, 0x2e, 0x74, 0x65, 0x78,
    0x74, 0x43, 0x6f, 0x6e, 0x74, 0x65, 0x6e, 0x74, 0x20, 0x3d, 0x20, 0x74, 0x28, 0x22, 0x65, 0x72,
    0x72, 0x5f, 0x6e, 0x65, 0x74, 0x22, 0x29, 0x3b, 0x20, 0x7d, 0x0a, 0x7d, 0x0a, 0x0a, 0x61, 0x73,
    0x79, 0x6e, 0x63, 0x20, 0x66, 0x75, 0x6e, 0x63, 0x74, 0x69, 0x6f, 0x6e, 0x20, 0x63, 0x6f, 0x6e,
    0x6e, 0x65, 0x63, 0x74, 0x28, 0x29, 0x20, 0x7b, 0x0a, 0x20, 0x20, 0x63, 0x6f, 0x6e, 0x73, 0x74,
    0x20, 0x73, 0x73, 0x69, 0x64, 0x20, 0x3d, 0x20, 0x73, 0x65, 0x6c, 0x65, 0x63, 0x74, 0x28, 0x22,
    0x73, 0x73, 0x69, 0x64, 0x22, 0x29, 0x2e, 0x76, 0x61, 0x6c, 0x75, 0x65, 0x2c, 0x20, 0x70, 0x73,
    0x6b, 0x20, 0x3d, 0x20, 0x69, 0x6e, 0x70, 0x75, 0x74, 0x28, 0x22, 0x70, 0x73, 0x6b, 0x22, 0x29,
    0x2e, 0x76, 0x61, 0x6c, 0x75, 0x65, 0x2c, 0x20, 0x6d, 0x73, 0x67, 0x20, 0x3d, 0x20, 0x24, 0x28,
    0x22, 0x73, 0x65, 0x74, 0x75, 0x70, 0x2d, 0x6d, 0x73, 0x67, 0x22, 0x29, 0x3b, 0x0a, 0x20, 0x20,
    0x69, 0x66, 0x20, 0x28, 0x73, 0x63, 0x61, 0x6e, 0x54, 0x69, 0x6d, 0x65, 0x72, 0x20, 0x21, 0x3d,
    0x3d, 0x20, 0x6e, 0x75, 0x6c, 0x6c, 0x29, 0x20, 0x7b, 0x20, 0x63, 0x6c, 0x65, 0x61, 0x72, 0x54,
    0x69, 0x6d, 0x65, 0x6f, 0x75, 0x74, 0x28, 0x73, 0x63, 0x61, 0x6e, 0x54, 0x69, 0x6d, 0x65, 0x72,
    0x29, 0x3b, 0x20, 0x73, 0x63, 0x61, 0x6e, 0x54, 0x69, 0x6d, 0x65, 0x72, 0x20, 0x3d, 0x20, 0x6e,
    0x75, 0x6c, 0x6c, 0x3b, 0x20, 0x7d, 0x0a, 0x20, 0x20, 0x6d, 0x73, 0x67, 0x2e, 0x63, 0x6c, 0x61,
    0x73, 0x73, 0x4e, 0x61, 0x6d, 0x65, 0x20, 0x3d, 0x20, 0x22, 0x62, 0x61, 0x64, 0x22, 0x3b, 0x0a,
    0x20, 0x20, 0x69, 0x66, 0x20, 0x28, 0x21, 0x73, 0x73, 0x69, 0x64, 0x20, 0x7c, 0x7c, 0x20, 0x73,
    0x73, 0x69, 0x64, 0x2e, 0x6c, 0x65, 0x6e, 0x67, 0x74, 0x68, 0x20, 0x3e, 0x20, 0x43, 0x46, 0x47,
    0x2e, 0x73, 0x73, 0x69, 0x64, 0x4d, 0x61, 0x78, 0x29, 0x20, 0x7b, 0x20, 0x6d, 0x73, 0x67, 0x2e,
    0x74, 0x65, 0x78, 0x74, 0x43, 0x6f, 0x6e, 0x74, 0x65, 0x6e, 0x74, 0x20, 0x3d, 0x20, 0x74, 0x28,
    0x22, 0x65, 0x72, 0x72, 0x5f, 0x73, 0x73, 0x69, 0x64, 0x22, 0x2c, 0x20, 0x7b, 0x6d, 0x61, 0x78,
    0x3a, 0x20, 0x43, 0x46, 0x47, 0x2e, 0x73, 0x73, 0x69, 0x64, 0x4d, 0x61, 0x78, 0x7d, 0x29, 0x3b,
    0x20, 0x72, 0x65, 0x74, 0x75, 0x72, 0x6e, 0x3b, 0x20, 0x7d, 0x0a, 0x20, 0x20, 0x69, 0x66, 0x20,
    0x28, 0x70, 0x73, 0x6b, 0x2e, 0x6c, 0x65, 0x6e, 0x67, 0x74, 0x68, 0x20, 0x3c, 0x20, 0x43, 0x46,
    0x47, 0x2e, 0x70, 0x73, 0x6b, 0x4d, 0x69, 0x6e, 0x20, 0x7c, 0x7c, 0x20, 0x70, 0x73, 0x6b, 0x2e,
    0x6c, 0x65, 0x6e, 0x67, 0x74, 0x68, 0x20, 0x3e, 0x20, 0x43, 0x46, 0x47, 0x2e, 0x70, 0x73, 0x6b,
    0x4d, 0x61, 0x78, 0x29, 0x20, 0x7b, 0x0a, 0x20, 0x20, 0x20, 0x20, 0x6d, 0x73, 0x67, 0x2e, 0x74,
    0x65, 0x78, 0x74, 0x43, 0x6f, 0x6e, 0x74, 0x65, 0x6e, 0x74, 0x20, 0x3d, 0x20, 0x74, 0x28, 0x22,
    0x65, 0x72, 0x72, 0x5f, 0x70, 0x73, 0x6b, 0x22, 0x2c, 0x20, 0x7b, 0x6d, 0x69, 0x6e, 0x3a, 0x20,
    0x43, 0x46, 0x47, 0x2e, 0x70, 0x73, 0x6b, 0x4d, 0x69, 0x6e, 0x2c, 0x20, 0x6d, 0x61, 0x78, 0x3a,
    0x20, 0x43, 0x46, 0x47, 0x2e, 0x70, 0x73, 0x6b, 0x4d, 0x61, 0x78, 0x7d, 0x29, 0x3b, 0x20, 0x72,
    0x65, 0x74, 0x75, 0x72, 0x6e, 0x3b, 0x0a, 0x20, 0x20, 0x7d, 0x0a, 0x20, 0x20, 0x2f, 0x2a, 0x20,
    0x61, 0x20, 0x68, 0x61, 0x6e, 0x67, 0x69, 0x6e, 0x67, 0x20, 0x50, 0x4f, 0x53, 0x54, 0x20, 0x28,
    0x61, 0x6e, 0x73, 0x77, 0x65, 0x72, 0x73, 0x20, 0x6c, 0x6f, 0x73, 0x74, 0x2c, 0x20, 0x63, 0x6f,
    0x6e, 0x6e, 0x65, 0x63, 0x74, 0x69, 0x6f, 0x6e, 0x20, 0x73, 0x74, 0x69, 0x6c, 0x6c, 0x20, 0x6f,
    0x70, 0x65, 0x6e, 0x29, 0x20, 0x65, 0x6e, 0x64, 0x73, 0x20, 0x61, 0x66, 0x74, 0x65, 0x72, 0x20,
    0x43, 0x46, 0x47, 0x2e, 0x63, 0x6f, 0x6e, 0x6e, 0x65, 0x63, 0x74, 0x54, 0x69, 0x6d, 0x65, 0x6f,
    0x75, 0x74, 0x4d, 0x73, 0x3a, 0x20, 0x74, 0x68, 0x65, 0x20, 0x72, 0x65, 0x74, 0x72, 0x79, 0x20,
    0x70, 0x61, 0x74, 0x68, 0x20, 0x2a, 0x2f, 0x0a, 0x20, 0x20, 0x63, 0x6f, 0x6e, 0x73, 0x74, 0x20,
    0x73, 0x65, 0x6e, 0x64, 0x20, 0x3d, 0x20, 0x28, 0x29, 0x20, 0x3d, 0x3e, 0x20, 0x7b, 0x0a, 0x20,
    0x20, 0x20, 0x20, 0x63, 0x6f, 0x6e, 0x73, 0x74, 0x20, 0x61, 0x63, 0x20, 0x3d, 0x20, 0x6e, 0x65,
    0x77, 0x20, 0x41, 0x62, 0x6f, 0x72, 0x74, 0x43, 0x6f, 0x6e, 0x74, 0x72, 0x6f, 0x6c, 0x6c, 0x65,
    0x72, 0x28, 0x29, 0x2c, 0x20, 0x74, 0x69, 0x6d, 0x65, 0x72, 0x20, 0x3d, 0x20, 0x73, 0x65, 0x74,
    0x54, 0x69, 0x6d, 0x65, 0x6f, 0x75, 0x74, 0x28, 0x28, 0x29, 0x20, 0x3d, 0x3e, 0x20, 0x61, 0x63,
    0x2e, 0x61, 0x62, 0x6f, 0x72, 0x74, 0x28, 0x29, 0x2c, 0x20, 0x43, 0x46, 0x47, 0x2e, 0x63, 0x6f,
    0x6e, 0x6e, 0x65, 0x63, 0x74, 0x54, 0x69, 0x6d, 0x65, 0x6f, 0x75, 0x74, 0x4d, 0x73, 0x29, 0x3b,
    0x0a, 0x20, 0x20, 0x20, 0x20, 0x72, 0x65, 0x74, 0x75, 0x72, 0x6e, 0x20, 0x66, 0x65, 0x74, 0x63,
    0x68, 0x28, 0x22, 0x2f, 0x61, 0x70, 0x69, 0x2f, 0x77, 0x69, 0x66, 0x69, 0x22, 0x2c, 0x20, 0x7b,
    0x63, 0x61, 0x63, 0x68, 0x65, 0x3a, 0x20, 0x22, 0x6e, 0x6f, 0x2d, 0x73, 0x74, 0x6f, 0x72, 0x65,
    0x22, 0x2c, 0x20, 0x6d, 0x65, 0x74, 0x68, 0x6f, 0x64, 0x3a, 0x20, 0x22, 0x50, 0x4f, 0x53, 0x54,
    0x22, 0x2c, 0x20, 0x73, 0x69, 0x67, 0x6e, 0x61, 0x6c, 0x3a, 0x20, 0x61, 0x63, 0x2e, 0x73, 0x69,
    0x67, 0x6e, 0x61, 0x6c, 0x2c, 0x0a, 0x20, 0x20, 0x20, 0x20, 0x20, 0x20, 0x68, 0x65, 0x61, 0x64,
    0x65, 0x72, 0x73, 0x3a, 0x20, 0x7b, 0x22, 0x43, 0x6f, 0x6e, 0x74, 0x65, 0x6e, 0x74, 0x2d, 0x54,
    0x79, 0x70, 0x65, 0x22, 0x3a, 0x20, 0x22, 0x61, 0x70, 0x70, 0x6c, 0x69, 0x63, 0x61, 0x74, 0x69,
    0x6f, 0x6e, 0x2f, 0x6a, 0x73, 0x6f, 0x6e, 0x22, 0x7d, 0x2c, 0x20, 0x62, 0x6f, 0x64, 0x79, 0x3a,
    0x20, 0x4a, 0x53, 0x4f, 0x4e, 0x2e, 0x73, 0x74, 0x72, 0x69, 0x6e, 0x67, 0x69, 0x66, 0x79, 0x28,
    0x7b, 0x73, 0x73, 0x69, 0x64, 0x3a, 0x20, 0x73, 0x73, 0x69, 0x64, 0x2c, 0x20, 0x70, 0x73, 0x6b,
    0x3a, 0x20, 0x70, 0x73, 0x6b, 0x7d, 0x29, 0x7d, 0x29, 0x0a, 0x20, 0x20, 0x20, 0x20, 0x20, 0x20,
    0x2e, 0x66, 0x69, 0x6e, 0x61, 0x6c, 0x6c, 0x79, 0x28, 0x28, 0x29, 0x20, 0x3d, 0x3e, 0x20, 0x63,
    0x6c, 0x65, 0x61, 0x72, 0x54, 0x69, 0x6d, 0x65, 0x6f, 0x75, 0x74, 0x28, 0x74, 0x69, 0x6d, 0x65,
    0x72, 0x29, 0x29, 0x3b, 0x0a, 0x20, 0x20, 0x7d, 0x3b, 0x0a, 0x20, 0x20, 0x74, 0x72, 0x79, 0x20,
    0x7b, 0x0a, 0x20, 0x20, 0x20, 0x20, 0x6c, 0x65, 0x74, 0x20, 0x72, 0x65, 0x73, 0x3b, 0x0a, 0x20,
    0x20, 0x20, 0x20, 0x74, 0x72, 0x79, 0x20, 0x7b, 0x20, 0x72, 0x65, 0x73, 0x20, 0x3d, 0x20, 0x61,
    0x77, 0x61, 0x69, 0x74, 0x20, 0x73, 0x65, 0x6e, 0x64, 0x28, 0x29, 0x3b, 0x20, 0x7d, 0x0a, 0x20,
    0x20, 0x20, 0x20, 0x63, 0x61, 0x74, 0x63, 0x68, 0x20, 0x28, 0x65, 0x29, 0x20, 0x7b, 0x0a, 0x20,
    0x20, 0x20, 0x20, 0x20, 0x20, 0x2f, 0x2a, 0x20, 0x6e, 0x6f, 0x20, 0x61, 0x6e, 0x73, 0x77, 0x65,
    0x72, 0x3a, 0x20, 0x74, 0x68, 0x65, 0x20, 0x70, 0x68, 0x6f, 0x6e, 0x65, 0x20, 0x63, 0x61, 0x6e,
    0x20, 0x64, 0x72, 0x6f, 0x70, 0x20, 0x6f, 0x66, 0x66, 0x20, 0x74, 0x68, 0x65, 0x20, 0x73, 0x65,
    0x74, 0x75, 0x70, 0x20, 0x68, 0x6f, 0x74, 0x73, 0x70, 0x6f, 0x74, 0x20, 0x66, 0x6f, 0x72, 0x20,
    0x61, 0x20, 0x6d, 0x6f, 0x6d, 0x65, 0x6e, 0x74, 0x20, 0x28, 0x74, 0x68, 0x65, 0x20, 0x73, 0x68,
    0x61, 0x72, 0x65, 0x64, 0x20, 0x72, 0x61, 0x64, 0x69, 0x6f, 0x20, 0x73, 0x63, 0x61, 0x6e, 0x73,
    0x20, 0x6f, 0x72, 0x0a, 0x20, 0x20, 0x20, 0x20, 0x20, 0x20, 0x20, 0x2a, 0x20, 0x73, 0x77, 0x69,
    0x74, 0x63, 0x68, 0x65, 0x73, 0x20, 0x63, 0x68, 0x61, 0x6e, 0x6e, 0x65, 0x6c, 0x29, 0x20, 0xe2,
    0x80, 0x94, 0x20, 0x73, 0x61, 0x79, 0x20, 0x73, 0x6f, 0x2c, 0x20, 0x77, 0x61, 0x69, 0x74, 0x2c,
    0x20, 0x61, 0x6e, 0x64, 0x20, 0x74, 0x72, 0x79, 0x20, 0x6f, 0x6e, 0x63, 0x65, 0x20, 0x6d, 0x6f,
    0x72, 0x65, 0x20, 0x2a, 0x2f, 0x0a, 0x20, 0x20, 0x20, 0x20, 0x20, 0x20, 0x6d, 0x73, 0x67, 0x2e,
    0x63, 0x6c, 0x61, 0x73, 0x73, 0x4e, 0x61, 0x6d, 0x65, 0x20, 0x3d, 0x20, 0x22, 0x22, 0x3b, 0x0a,
    0x20, 0x20, 0x20, 0x20, 0x20, 0x20, 0x6d, 0x73, 0x67, 0x2e, 0x74, 0x65, 0x78, 0x74, 0x43, 0x6f,
    0x6e, 0x74, 0x65, 0x6e, 0x74, 0x20, 0x3d, 0x20, 0x74, 0x28, 0x22, 0x72, 0x65, 0x74, 0x72, 0x79,
    0x69, 0x6e, 0x67, 0x22, 0x29, 0x3b, 0x0a, 0x20, 0x20, 0x20, 0x20, 0x20, 0x20, 0x61, 0x77, 0x61,
    0x69, 0x74, 0x20, 0x6e, 0x65, 0x77, 0x20, 0x50, 0x72, 0x6f, 0x6d, 0x69, 0x73, 0x65, 0x28, 0x28,
    0x64, 0x6f, 0x6e, 0x65, 0x29, 0x20, 0x3d, 0x3e, 0x20, 0x73, 0x65, 0x74, 0x54, 0x69, 0x6d, 0x65,
    0x6f, 0x75, 0x74, 0x28, 0x64, 0x6f, 0x6e, 0x65, 0x2c, 0x20, 0x43, 0x46, 0x47, 0x2e, 0x63, 0x6f,
    0x6e, 0x6e, 0x65, 0x63, 0x74, 0x52, 0x65, 0x74, 0x72, 0x79, 0x4d, 0x73, 0x29, 0x29, 0x3b, 0x0a,
    0x20, 0x20, 0x20, 0x20, 0x20, 0x20, 0x6d, 0x73, 0x67, 0x2e, 0x63, 0x6c, 0x61, 0x73, 0x73, 0x4e,
    0x61, 0x6d, 0x65, 0x20, 0x3d, 0x20, 0x22, 0x62, 0x61, 0x64, 0x22, 0x3b, 0x0a, 0x20, 0x20, 0x20,
    0x20, 0x20, 0x20, 0x72, 0x65, 0x73, 0x20, 0x3d, 0x20, 0x61, 0x77, 0x61, 0x69, 0x74, 0x20, 0x73,
    0x65, 0x6e, 0x64, 0x28, 0x29, 0x3b, 0x0a, 0x20, 0x20, 0x20, 0x20, 0x7d, 0x0a, 0x20, 0x20, 0x20,
    0x20, 0x63, 0x6f, 0x6e, 0x73, 0x74, 0x20, 0x72, 0x20, 0x3d, 0x20, 0x7b, 0x62, 0x6f, 0x64, 0x79,
    0x3a, 0x20, 0x2f, 0x2a, 0x2a, 0x20, 0x40, 0x74, 0x79, 0x70, 0x65, 0x20, 0x7b, 0x50, 0x6f, 0x73,
    0x74, 0x52, 0x65, 0x73, 0x75, 0x6c, 0x74, 0x7d, 0x20, 0x2a, 0x2f, 0x20, 0x28, 0x61, 0x77, 0x61,
    0x69, 0x74, 0x20, 0x72, 0x65, 0x73, 0x2e, 0x6a, 0x73, 0x6f, 0x6e, 0x28, 0x29, 0x29, 0x7d, 0x3b,
    0x0a, 0x20, 0x20, 0x20, 0x20, 0x69, 0x66, 0x20, 0x28, 0x21, 0x72, 0x2e, 0x62, 0x6f, 0x64, 0x79,
    0x2e, 0x6f, 0x6b, 0x29, 0x20, 0x7b, 0x0a, 0x20, 0x20, 0x20, 0x20, 0x20, 0x20, 0x63, 0x6f, 0x6e,
    0x73, 0x74, 0x20, 0x65, 0x20, 0x3d, 0x20, 0x50, 0x4f, 0x53, 0x54, 0x5f, 0x45, 0x52, 0x52, 0x4f,
    0x52, 0x5b, 0x72, 0x2e, 0x62, 0x6f, 0x64, 0x79, 0x2e, 0x65, 0x72, 0x72, 0x6f, 0x72, 0x20, 0x7c,
    0x7c, 0x20, 0x22, 0x22, 0x5d, 0x20, 0x7c, 0x7c, 0x20, 0x22, 0x65, 0x72, 0x72, 0x5f, 0x6a, 0x73,
    0x6f, 0x6e, 0x22, 0x3b, 0x0a, 0x20, 0x20, 0x20, 0x20, 0x20, 0x20, 0x6d, 0x73, 0x67, 0x2e, 0x74,
    0x65, 0x78, 0x74, 0x43, 0x6f, 0x6e, 0x74, 0x65, 0x6e, 0x74, 0x20, 0x3d, 0x20, 0x74, 0x28, 0x65,
    0x2c, 0x20, 0x7b, 0x6d, 0x61, 0x78, 0x3a, 0x20, 0x65, 0x20, 0x3d, 0x3d, 0x3d, 0x20, 0x22, 0x65,
    0x72, 0x72, 0x5f, 0x73, 0x73, 0x69, 0x64, 0x22, 0x20, 0x3f, 0x20, 0x43, 0x46, 0x47, 0x2e, 0x73,
    0x73, 0x69, 0x64, 0x4d, 0x61, 0x78, 0x20, 0x3a, 0x20, 0x43, 0x46, 0x47, 0x2e, 0x70, 0x73, 0x6b,
    0x4d, 0x61, 0x78, 0x2c, 0x20, 0x6d, 0x69, 0x6e, 0x3a, 0x20, 0x43, 0x46, 0x47, 0x2e, 0x70, 0x73,
    0x6b, 0x4d, 0x69, 0x6e, 0x7d, 0x29, 0x3b, 0x0a, 0x20, 0x20, 0x20, 0x20, 0x20, 0x20, 0x72, 0x65,
    0x74, 0x75, 0x72, 0x6e, 0x3b, 0x0a, 0x20, 0x20, 0x20, 0x20, 0x7d, 0x0a, 0x20, 0x20, 0x20, 0x20,
    0x69, 0x6e, 0x70, 0x75, 0x74, 0x28, 0x22, 0x70, 0x73, 0x6b, 0x22, 0x29, 0x2e, 0x76, 0x61, 0x6c,
    0x75, 0x65, 0x20, 0x3d, 0x20, 0x22, 0x22, 0x3b, 0x0a, 0x20, 0x20, 0x20, 0x20, 0x6d, 0x73, 0x67,
    0x2e, 0x63, 0x6c, 0x61, 0x73, 0x73, 0x4e, 0x61, 0x6d, 0x65, 0x20, 0x3d, 0x20, 0x22, 0x22, 0x3b,
    0x0a, 0x20, 0x20, 0x20, 0x20, 0x6d, 0x73, 0x67, 0x2e, 0x74, 0x65, 0x78, 0x74, 0x43, 0x6f, 0x6e,
    0x74, 0x65, 0x6e, 0x74, 0x20, 0x3d, 0x20, 0x74, 0x28, 0x22, 0x6a, 0x6f, 0x69, 0x6e, 0x69, 0x6e,
    0x67, 0x22, 0x2c, 0x20, 0x7b, 0x73, 0x73, 0x69, 0x64, 0x3a, 0x20, 0x73, 0x73, 0x69, 0x64, 0x7d,
    0x29, 0x3b, 0x0a, 0x20, 0x20, 0x20, 0x20, 0x6a, 0x6f, 0x69, 0x6e, 0x69, 0x6e, 0x67, 0x20, 0x3d,
    0x20, 0x7b, 0x73, 0x73, 0x69, 0x64, 0x3a, 0x20, 0x73, 0x73, 0x69, 0x64, 0x2c, 0x20, 0x70, 0x6f,
    0x6c, 0x6c, 0x73, 0x3a, 0x20, 0x30, 0x2c, 0x20, 0x6c, 0x65, 0x66, 0x74, 0x3a, 0x20, 0x66, 0x61,
    0x6c, 0x73, 0x65, 0x7d, 0x3b, 0x0a, 0x20, 0x20, 0x7d, 0x20, 0x63, 0x61, 0x74, 0x63, 0x68, 0x20,
    0x28, 0x65, 0x29, 0x20, 0x7b, 0x20, 0x6d, 0x73, 0x67, 0x2e, 0x74, 0x65, 0x78, 0x74, 0x43, 0x6f,
    0x6e, 0x74, 0x65, 0x6e, 0x74, 0x20, 0x3d, 0x20, 0x74, 0x28, 0x22, 0x65, 0x72, 0x72, 0x5f, 0x6e,
    0x65, 0x74, 0x22, 0x29, 0x3b, 0x20, 0x7d, 0x0a, 0x7d, 0x0a, 0x0a, 0x2f, 0x2a, 0x2a, 0x20, 0x40,
    0x70, 0x61, 0x72, 0x61, 0x6d, 0x20, 0x7b, 0x4a, 0x6f, 0x69, 0x6e, 0x7d, 0x20, 0x6a, 0x20, 0x74,
    0x68, 0x65, 0x20, 0x6a, 0x6f, 0x69, 0x6e, 0x20, 0x62, 0x65, 0x69, 0x6e, 0x67, 0x20, 0x77, 0x61,
    0x74, 0x63, 0x68, 0x65, 0x64, 0x20, 0x2a, 0x2f, 0x0a, 0x61, 0x73, 0x79, 0x6e, 0x63, 0x20, 0x66,
    0x75, 0x6e, 0x63, 0x74, 0x69, 0x6f, 0x6e, 0x20, 0x77, 0x61, 0x74, 0x63, 0x68, 0x4a, 0x6f, 0x69,
    0x6e, 0x28, 0x6a, 0x29, 0x20, 0x7b, 0x0a, 0x20, 0x20, 0x63, 0x6f, 0x6e, 0x73, 0x74, 0x20, 0x6d,
    0x73, 0x67, 0x20, 0x3d, 0x20, 0x24, 0x28, 0x22, 0x73, 0x65, 0x74, 0x75, 0x70, 0x2d, 0x6d, 0x73,
    0x67, 0x22, 0x29, 0x3b, 0x0a, 0x20, 0x20, 0x63, 0x6f, 0x6e, 0x73, 0x74, 0x20, 0x77, 0x20, 0x3d,
    0x20, 0x61, 0x77, 0x61, 0x69, 0x74, 0x20, 0x67, 0x65, 0x74, 0x57, 0x69, 0x66, 0x69, 0x28, 0x29,
    0x3b, 0x0a, 0x20, 0x20, 0x6a, 0x2e, 0x70, 0x6f, 0x6c, 0x6c, 0x73, 0x2b, 0x2b, 0x3b, 0x0a, 0x20,
    0x20, 0x69, 0x66, 0x20, 0x28, 0x77, 0x2e, 0x6d, 0x6f, 0x64, 0x65, 0x20, 0x21, 0x3d, 0x3d, 0x20,
    0x22, 0x73, 0x65, 0x74, 0x75, 0x70, 0x22, 0x29, 0x20, 0x6a, 0x2e, 0x6c, 0x65, 0x66, 0x74, 0x20,
    0x3d, 0x20, 0x74, 0x72, 0x75, 0x65, 0x3b, 0x0a, 0x20, 0x20, 0x69, 0x66, 0x20, 0x28, 0x77, 0x2e,
    0x6d, 0x6f, 0x64, 0x65, 0x20, 0x3d, 0x3d, 0x3d, 0x20, 0x22, 0x73, 0x74, 0x61, 0x74, 0x69, 0x6f,
    0x6e, 0x22, 0x20, 0x26, 0x26, 0x20, 0x77, 0x2e, 0x69, 0x70, 0x29, 0x20, 0x7b, 0x0a, 0x20, 0x20,
    0x20, 0x20, 0x6d, 0x73, 0x67, 0x2e, 0x63, 0x6c, 0x61, 0x73, 0x73, 0x4e, 0x61, 0x6d, 0x65, 0x20,
    0x3d, 0x20, 0x22, 0x22, 0x3b, 0x0a, 0x20, 0x20, 0x20, 0x20, 0x6d, 0x73, 0x67, 0x2e, 0x74, 0x65,
    0x78, 0x74, 0x43, 0x6f, 0x6e, 0x74, 0x65, 0x6e, 0x74, 0x20, 0x3d, 0x20, 0x74, 0x28, 0x22, 0x6a,
    0x6f, 0x69, 0x6e, 0x65, 0x64, 0x22, 0x2c, 0x20, 0x7b, 0x69, 0x70, 0x3a, 0x20, 0x77, 0x2e, 0x69,
    0x70, 0x2c, 0x20, 0x73, 0x73, 0x69, 0x64, 0x3a, 0x20, 0x6a, 0x2e, 0x73, 0x73, 0x69, 0x64, 0x7d,
    0x29, 0x20, 0x2b, 0x20, 0x22, 0x20, 0x22, 0x3b, 0x0a, 0x20, 0x20, 0x20, 0x20, 0x63, 0x6f, 0x6e,
    0x73, 0x74, 0x20, 0x75, 0x72, 0x6c, 0x20, 0x3d, 0x20, 0x22, 0x68, 0x74, 0x74, 0x70, 0x3a, 0x2f,
    0x2f, 0x22, 0x20, 0x2b, 0x20, 0x43, 0x46, 0x47, 0x2e, 0x68, 0x6f, 0x73, 0x74, 0x20, 0x2b, 0x20,
    0x22, 0x2e, 0x6c, 0x6f, 0x63, 0x61, 0x6c, 0x22, 0x3b, 0x0a, 0x20, 0x20, 0x20, 0x20, 0x63, 0x6f,
    0x6e, 0x73, 0x74, 0x20, 0x61, 0x20, 0x3d, 0x20, 0x65, 0x6c, 0x28, 0x22, 0x61, 0x22, 0x2c, 0x20,
    0x75, 0x72, 0x6c, 0x29, 0x3b, 0x0a, 0x20, 0x20, 0x20, 0x20, 0x61, 0x2e, 0x68, 0x72, 0x65, 0x66,
    0x20, 0x3d, 0x20, 0x75, 0x72, 0x6c, 0x3b, 0x0a, 0x20, 0x20, 0x20, 0x20, 0x6d, 0x73, 0x67, 0x2e,
    0x61, 0x70, 0x70, 0x65, 0x6e, 0x64, 0x43, 0x68, 0x69, 0x6c, 0x64, 0x28, 0x61, 0x29, 0x3b, 0x0a,
    0x20, 0x20, 0x20, 0x20, 0x6a, 0x6f, 0x69, 0x6e, 0x69, 0x6e, 0x67, 0x20, 0x3d, 0x20, 0x6e, 0x75,
    0x6c, 0x6c, 0x3b, 0x0a, 0x20, 0x20, 0x7d, 0x20, 0x65, 0x6c, 0x73, 0x65, 0x20, 0x69, 0x66, 0x20,
    0x28, 0x77, 0x2e, 0x6d, 0x6f, 0x64, 0x65, 0x20, 0x3d, 0x3d, 0x3d, 0x20, 0x22, 0x73, 0x65, 0x74,
    0x75, 0x70, 0x22, 0x20, 0x26, 0x26, 0x20, 0x28, 0x6a, 0x2e, 0x6c, 0x65, 0x66, 0x74, 0x20, 0x7c,
    0x7c, 0x20, 0x6a, 0x2e, 0x70, 0x6f, 0x6c, 0x6c, 0x73, 0x20, 0x3e, 0x20, 0x33, 0x29, 0x29, 0x20,
    0x7b, 0x0a, 0x20, 0x20, 0x20, 0x20, 0x6d, 0x73, 0x67, 0x2e, 0x63, 0x6c, 0x61, 0x73, 0x73, 0x4e,
    0x61, 0x6d, 0x65, 0x20, 0x3d, 0x20, 0x22, 0x62, 0x61, 0x64, 0x22, 0x3b, 0x0a, 0x20, 0x20, 0x20,
    0x20, 0x2f, 0x2a, 0x20, 0x77, 0x68, 0x79, 0x20, 0x69, 0x74, 0x20, 0x66, 0x61, 0x69, 0x6c, 0x65,
    0x64, 0x20, 0x28, 0x2f, 0x61, 0x70, 0x69, 0x2f, 0x77, 0x69, 0x66, 0x69, 0x20, 0x6c, 0x61, 0x73,
    0x74, 0x5f, 0x65, 0x72, 0x72, 0x6f, 0x72, 0x29, 0x3a, 0x20, 0x6f, 0x75, 0x74, 0x20, 0x6f, 0x66,
    0x20, 0x72, 0x61, 0x6e, 0x67, 0x65, 0x2c, 0x20, 0x61, 0x20, 0x74, 0x79, 0x70, 0x6f, 0x2c, 0x20,
    0x6f, 0x72, 0x20, 0x61, 0x6e, 0x79, 0x74, 0x68, 0x69, 0x6e, 0x67, 0x20, 0x65, 0x6c, 0x73, 0x65,
    0x20, 0x2a, 0x2f, 0x0a, 0x20, 0x20, 0x20, 0x20, 0x6d, 0x73, 0x67, 0x2e, 0x74, 0x65, 0x78, 0x74,
    0x43, 0x6f, 0x6e, 0x74, 0x65, 0x6e, 0x74, 0x20, 0x3d, 0x20, 0x74, 0x28, 0x4a, 0x4f, 0x49, 0x4e,
    0x5f, 0x46, 0x41, 0x49, 0x4c, 0x45, 0x44, 0x5b, 0x77, 0x2e, 0x6c, 0x61, 0x73, 0x74, 0x5f, 0x65,
    0x72, 0x72, 0x6f, 0x72, 0x20, 0x7c, 0x7c, 0x20, 0x22, 0x22, 0x5d, 0x20, 0x7c, 0x7c, 0x20, 0x22,
    0x6a, 0x6f, 0x69, 0x6e, 0x5f, 0x66, 0x61, 0x69, 0x6c, 0x65, 0x64, 0x5f, 0x6f, 0x74, 0x68, 0x65,
    0x72, 0x22, 0x29, 0x3b, 0x0a, 0x20, 0x20, 0x20, 0x20, 0x6a, 0x6f, 0x69, 0x6e, 0x69, 0x6e, 0x67,
    0x20, 0x3d, 0x20, 0x6e, 0x75, 0x6c, 0x6c, 0x3b, 0x0a, 0x20, 0x20, 0x7d, 0x0a, 0x7d, 0x0a, 0x0a,
    0x6c, 0x65, 0x74, 0x20, 0x73, 0x65, 0x74, 0x75, 0x70, 0x53, 0x68, 0x6f, 0x77, 0x6e, 0x20, 0x3d,
    0x20, 0x66, 0x61, 0x6c, 0x73, 0x65, 0x3b, 0x0a, 0x61, 0x73, 0x79, 0x6e, 0x63, 0x20, 0x66, 0x75,
    0x6e, 0x63, 0x74, 0x69, 0x6f, 0x6e, 0x20, 0x70, 0x6f, 0x6c, 0x6c, 0x28, 0x29, 0x20, 0x7b, 0x0a,
    0x20, 0x20, 0x74, 0x72, 0x79, 0x20, 0x7b, 0x0a, 0x20, 0x20, 0x20, 0x20, 0x69, 0x66, 0x20, 0x28,
    0x6a, 0x6f, 0x69, 0x6e, 0x69, 0x6e, 0x67, 0x29, 0x20, 0x61, 0x77, 0x61, 0x69, 0x74, 0x20, 0x77,
    0x61, 0x74, 0x63, 0x68, 0x4a, 0x6f, 0x69, 0x6e, 0x28, 0x6a, 0x6f, 0x69, 0x6e, 0x69, 0x6e, 0x67,
    0x29, 0x3b, 0x0a, 0x20, 0x20, 0x20, 0x20, 0x63, 0x6f, 0x6e, 0x73, 0x74, 0x20, 0x73, 0x20, 0x3d,
    0x20, 0x28, 0x2f, 0x2a, 0x2a, 0x20, 0x40, 0x74, 0x79, 0x70, 0x65, 0x20, 0x7b, 0x7b, 0x62, 0x6f,
    0x64, 0x79, 0x3a, 0x20, 0x53, 0x74, 0x61, 0x74, 0x65, 0x7d, 0x7d, 0x20, 0x2a, 0x2f, 0x20, 0x28,
    0x61, 0x77, 0x61, 0x69, 0x74, 0x20, 0x66, 0x65, 0x74, 0x63, 0x68, 0x4a, 0x73, 0x6f, 0x6e, 0x28,
    0x22, 0x2f, 0x61, 0x70, 0x69, 0x2f, 0x73, 0x74, 0x61, 0x74, 0x65, 0x22, 0x29, 0x29, 0x29, 0x2e,
    0x62, 0x6f, 0x64, 0x79, 0x3b, 0x0a, 0x20, 0x20, 0x20, 0x20, 0x24, 0x28, 0x22, 0x62, 0x61, 0x6e,
    0x6e, 0x65, 0x72, 0x22, 0x29, 0x2e, 0x73, 0x74, 0x79, 0x6c, 0x65, 0x2e, 0x64, 0x69, 0x73, 0x70,
    0x6c, 0x61, 0x79, 0x20, 0x3d, 0x20, 0x22, 0x6e, 0x6f, 0x6e, 0x65, 0x22, 0x3b, 0x0a, 0x20, 0x20,
    0x20, 0x20, 0x72, 0x65, 0x6e, 0x64, 0x65, 0x72, 0x44, 0x65, 0x76, 0x69, 0x63, 0x65, 0x28, 0x73,
    0x2e, 0x64, 0x65, 0x76, 0x69, 0x63, 0x65, 0x29, 0x3b, 0x0a, 0x20, 0x20, 0x20, 0x20, 0x72, 0x65,
    0x6e, 0x64, 0x65, 0x72, 0x46, 0x75, 0x6e, 0x63, 0x74, 0x69, 0x6f, 0x6e, 0x73, 0x28, 0x73, 0x2e,
    0x66, 0x6e, 0x29, 0x3b, 0x0a, 0x20, 0x20, 0x20, 0x20, 0x63, 0x6f, 0x6e, 0x73, 0x74, 0x20, 0x73,
    0x65, 0x74, 0x75, 0x70, 0x20, 0x3d, 0x20, 0x73, 0x2e, 0x64, 0x65, 0x76, 0x69, 0x63, 0x65, 0x2e,
    0x77, 0x69, 0x66, 0x69, 0x2e, 0x6d, 0x6f, 0x64, 0x65, 0x20, 0x3d, 0x3d, 0x3d, 0x20, 0x22, 0x73,
    0x65, 0x74, 0x75, 0x70, 0x22, 0x20, 0x7c, 0x7c, 0x20, 0x6a, 0x6f, 0x69, 0x6e, 0x69, 0x6e, 0x67,
    0x20, 0x21, 0x3d, 0x3d, 0x20, 0x6e, 0x75, 0x6c, 0x6c, 0x20, 0x7c, 0x7c, 0x20, 0x24, 0x28, 0x22,
    0x73, 0x65, 0x74, 0x75, 0x70, 0x2d, 0x6d, 0x73, 0x67, 0x22, 0x29, 0x2e, 0x71, 0x75, 0x65, 0x72,
    0x79, 0x53, 0x65, 0x6c, 0x65, 0x63, 0x74, 0x6f, 0x72, 0x28, 0x22, 0x61, 0x22, 0x29, 0x20, 0x21,
    0x3d, 0x3d, 0x20, 0x6e, 0x75, 0x6c, 0x6c, 0x3b, 0x0a, 0x20, 0x20, 0x20, 0x20, 0x24, 0x28, 0x22,
    0x73, 0x65, 0x74, 0x75, 0x70, 0x22, 0x29, 0x2e, 0x68, 0x69, 0x64, 0x64, 0x65, 0x6e, 0x20, 0x3d,
    0x20, 0x21, 0x73, 0x65, 0x74, 0x75, 0x70, 0x3b, 0x0a, 0x20, 0x20, 0x20, 0x20, 0x69, 0x66, 0x20,
    0x28, 0x73, 0x65, 0x74, 0x75, 0x70, 0x20, 0x26, 0x26, 0x20, 0x21, 0x73, 0x65, 0x74, 0x75, 0x70,
    0x53, 0x68, 0x6f, 0x77, 0x6e, 0x20, 0x26, 0x26, 0x20, 0x21, 0x6a, 0x6f, 0x69, 0x6e, 0x69, 0x6e,
    0x67, 0x29, 0x20, 0x73, 0x63, 0x61, 0x6e, 0x28, 0x29, 0x3b, 0x0a, 0x20, 0x20, 0x20, 0x20, 0x73,
    0x65, 0x74, 0x75, 0x70, 0x53, 0x68, 0x6f, 0x77, 0x6e, 0x20, 0x3d, 0x20, 0x73, 0x65, 0x74, 0x75,
    0x70, 0x3b, 0x0a, 0x20, 0x20, 0x7d, 0x20, 0x63, 0x61, 0x74, 0x63, 0x68, 0x20, 0x28, 0x65, 0x29,
    0x20, 0x7b, 0x0a, 0x20, 0x20, 0x20, 0x20, 0x24, 0x28, 0x22, 0x62, 0x61, 0x6e, 0x6e, 0x65, 0x72,
    0x22, 0x29, 0x2e, 0x74, 0x65, 0x78, 0x74, 0x43, 0x6f, 0x6e, 0x74, 0x65, 0x6e, 0x74, 0x20, 0x3d,
    0x20, 0x74, 0x28, 0x22, 0x6f, 0x66, 0x66, 0x6c, 0x69, 0x6e, 0x65, 0x22, 0x29, 0x3b, 0x0a, 0x20,
    0x20, 0x20, 0x20, 0x24, 0x28, 0x22, 0x62, 0x61, 0x6e, 0x6e, 0x65, 0x72, 0x22, 0x29, 0x2e, 0x73,
    0x74, 0x79, 0x6c, 0x65, 0x2e, 0x64, 0x69, 0x73, 0x70, 0x6c, 0x61, 0x79, 0x20, 0x3d, 0x20, 0x22,
    0x62, 0x6c, 0x6f, 0x63, 0x6b, 0x22, 0x3b, 0x0a, 0x20, 0x20, 0x7d, 0x0a, 0x20, 0x20, 0x73, 0x65,
    0x74, 0x54, 0x69, 0x6d, 0x65, 0x6f, 0x75, 0x74, 0x28, 0x70, 0x6f, 0x6c, 0x6c, 0x2c, 0x20, 0x43,
    0x46, 0x47, 0x2e, 0x70, 0x6f, 0x6c, 0x6c, 0x4d, 0x73, 0x29, 0x3b, 0x0a, 0x7d, 0x0a, 0x0a, 0x24,
    0x28, 0x22, 0x63, 0x6f, 0x6e, 0x6e, 0x65, 0x63, 0x74, 0x22, 0x29, 0x2e, 0x61, 0x64, 0x64, 0x45,
    0x76, 0x65, 0x6e, 0x74, 0x4c, 0x69, 0x73, 0x74, 0x65, 0x6e, 0x65, 0x72, 0x28, 0x22, 0x63, 0x6c,
    0x69, 0x63, 0x6b, 0x22, 0x2c, 0x20, 0x63, 0x6f, 0x6e, 0x6e, 0x65, 0x63, 0x74, 0x29, 0x3b, 0x0a,
    0x24, 0x28, 0x22, 0x72, 0x65, 0x73, 0x63, 0x61, 0x6e, 0x22, 0x29, 0x2e, 0x61, 0x64, 0x64, 0x45,
    0x76, 0x65, 0x6e, 0x74, 0x4c, 0x69, 0x73, 0x74, 0x65, 0x6e, 0x65, 0x72, 0x28, 0x22, 0x63, 0x6c,
    0x69, 0x63, 0x6b, 0x22, 0x2c, 0x20, 0x73, 0x63, 0x61, 0x6e, 0x29, 0x3b, 0x0a, 0x70, 0x6f, 0x6c,
    0x6c, 0x28, 0x29, 0x3b, 0x0a, 0x3c, 0x2f, 0x73, 0x63, 0x72, 0x69, 0x70, 0x74, 0x3e, 0x0a, 0x3c,
    0x2f, 0x62, 0x6f, 0x64, 0x79, 0x3e, 0x0a, 0x3c, 0x2f, 0x68, 0x74, 0x6d, 0x6c, 0x3e, 0x0a, 0x00,
};
#endif /* WEB_STRINGS_GEN_H */
